# Generated by github_copy.sh scan. Paths are relative to /mnt/d/analysis.
# Project scope: le8
# Seven-digit UKB ID checks: all projects, all readable content; no exemptions.
# Current analytical results only; logs, inputs, history and intermediate jobs excluded.
# Images retained by request; visual review list is outside the repository.
# sync rechecks an exact staged snapshot before changing destination projects.
le8/cvd_cad/Fig1.PGS_integrated.caption.csv
le8/cvd_cad/Fig1.PGS_integrated.met_bootstrap.csv
le8/cvd_cad/Fig1.PGS_integrated.met_calibration.csv
le8/cvd_cad/Fig1.PGS_integrated.met_components.csv
le8/cvd_cad/Fig1.PGS_integrated.met_composition.csv
le8/cvd_cad/Fig1.PGS_integrated.met_contrasts.csv
le8/cvd_cad/Fig1.PGS_integrated.met_folds.csv
le8/cvd_cad/Fig1.PGS_integrated.met_full_cohort_reference.csv
le8/cvd_cad/Fig1.PGS_integrated.met_landmark_contrasts.csv
le8/cvd_cad/Fig1.PGS_integrated.met_landmarks.csv
le8/cvd_cad/Fig1.PGS_integrated.met_lifestyle.csv
le8/cvd_cad/Fig1.PGS_integrated.met_loci.csv
le8/cvd_cad/Fig1.PGS_integrated.met_matched_models.csv
le8/cvd_cad/Fig1.PGS_integrated.met_paired.csv
le8/cvd_cad/Fig1.PGS_integrated.met_prevalent.csv
le8/cvd_cad/Fig1.PGS_integrated.met_selection.csv
le8/cvd_cad/Fig1.PGS_integrated.met_sensitivity.csv
le8/cvd_cad/Fig1.PGS_integrated.met_source_calibration.csv
le8/cvd_cad/Fig1.PGS_integrated.met_source_components.csv
le8/cvd_cad/Fig1.PGS_integrated.met_source_contrasts.csv
le8/cvd_cad/Fig1.PGS_integrated.met_source_counts.csv
le8/cvd_cad/Fig1.PGS_integrated.met_source_models.csv
le8/cvd_cad/Fig1.PGS_integrated.met_source_paired.csv
le8/cvd_cad/Fig1.PGS_integrated.met_source_regions.csv
le8/cvd_cad/Fig1.PGS_integrated.met_source_status.csv
le8/cvd_cad/Fig1.PGS_integrated.met_source_variants.csv
le8/cvd_cad/Fig1.PGS_integrated.met_status.csv
le8/cvd_cad/Fig1.PGS_integrated.met_window_contrasts.csv
le8/cvd_cad/Fig1.PGS_integrated.met_windows.csv
le8/cvd_cad/Fig1.PGS_integrated.panels.csv
le8/cvd_cad/Fig1.PGS_integrated.pdf
le8/cvd_cad/Fig1.PGS_integrated.png
le8/cvd_cad/Fig1.PGS_integrated.prot_bootstrap.csv
le8/cvd_cad/Fig1.PGS_integrated.prot_calibration.csv
le8/cvd_cad/Fig1.PGS_integrated.prot_components.csv
le8/cvd_cad/Fig1.PGS_integrated.prot_contrasts.csv
le8/cvd_cad/Fig1.PGS_integrated.prot_folds.csv
le8/cvd_cad/Fig1.PGS_integrated.prot_full_cohort_reference.csv
le8/cvd_cad/Fig1.PGS_integrated.prot_landmark_contrasts.csv
le8/cvd_cad/Fig1.PGS_integrated.prot_landmarks.csv
le8/cvd_cad/Fig1.PGS_integrated.prot_lifestyle.csv
le8/cvd_cad/Fig1.PGS_integrated.prot_matched_models.csv
le8/cvd_cad/Fig1.PGS_integrated.prot_paired.csv
le8/cvd_cad/Fig1.PGS_integrated.prot_prevalent.csv
le8/cvd_cad/Fig1.PGS_integrated.prot_selection.csv
le8/cvd_cad/Fig1.PGS_integrated.prot_sensitivity.csv
le8/cvd_cad/Fig1.PGS_integrated.prot_source_calibration.csv
le8/cvd_cad/Fig1.PGS_integrated.prot_source_components.csv
le8/cvd_cad/Fig1.PGS_integrated.prot_source_contrasts.csv
le8/cvd_cad/Fig1.PGS_integrated.prot_source_counts.csv
le8/cvd_cad/Fig1.PGS_integrated.prot_source_models.csv
le8/cvd_cad/Fig1.PGS_integrated.prot_source_paired.csv
le8/cvd_cad/Fig1.PGS_integrated.prot_source_regions.csv
le8/cvd_cad/Fig1.PGS_integrated.prot_source_status.csv
le8/cvd_cad/Fig1.PGS_integrated.prot_source_variants.csv
le8/cvd_cad/Fig1.PGS_integrated.prot_status.csv
le8/cvd_cad/Fig1.PGS_integrated.prot_window_contrasts.csv
le8/cvd_cad/Fig1.PGS_integrated.prot_windows.csv
le8/cvd_cad/c0.baseline_rebuild_audit.csv
le8/cvd_cad/c5.Fig1.joint_modalities.png
le8/cvd_cad/c5.Fig2.paired_increment.png
le8/cvd_cad/c5.Fig20.integrated_omics_PGS.pdf
le8/cvd_cad/c5.Fig20.integrated_omics_PGS.png
le8/cvd_cad/c5.Fig21.domains_interpretation.pdf
le8/cvd_cad/c5.Fig21.domains_interpretation.png
le8/cvd_cad/c5.Fig22.temporal_calibration_genetic_strata.pdf
le8/cvd_cad/c5.Fig22.temporal_calibration_genetic_strata.png
le8/cvd_cad/c5.Fig23.PRS_prot_met_prediction.pdf
le8/cvd_cad/c5.Fig23.PRS_prot_met_prediction.png
le8/cvd_cad/c5.Fig24.PRS_prot_met_complementarity.pdf
le8/cvd_cad/c5.Fig24.PRS_prot_met_complementarity.png
le8/cvd_cad/c5.Fig3.domain_proxies.png
le8/cvd_cad/c5.Fig4.PRS_omics_strata.png
le8/cvd_cad/c5.Fig5.calibration.png
le8/cvd_cad/c5.Fig6.leadtime_omission.png
le8/cvd_cad/c5.PRS_omics_strata.csv
le8/cvd_cad/c5.ablation_inventory.csv
le8/cvd_cad/c5.assay_inventory.csv
le8/cvd_cad/c5.biomarker_PGS_omics_strata.csv
le8/cvd_cad/c5.calibration.csv
le8/cvd_cad/c5.cell.coverage.csv
le8/cvd_cad/c5.cell.enrichment.csv
le8/cvd_cad/c5.cell.enrichment.png
le8/cvd_cad/c5.cell.panel_annotation.csv
le8/cvd_cad/c5.cell.provenance.csv
le8/cvd_cad/c5.cell_assay_universe.csv
le8/cvd_cad/c5.cell_panels.csv
le8/cvd_cad/c5.coefficients.csv
le8/cvd_cad/c5.cohort.csv
le8/cvd_cad/c5.cross_omic_links.csv
le8/cvd_cad/c5.decision_curves.csv
le8/cvd_cad/c5.domain_support.csv
le8/cvd_cad/c5.endpoint_coverage.csv
le8/cvd_cad/c5.evidence_availability.csv
le8/cvd_cad/c5.factorial_ROC.csv
le8/cvd_cad/c5.factorial_contrasts.csv
le8/cvd_cad/c5.factorial_design.csv
le8/cvd_cad/c5.factorial_metrics.csv
le8/cvd_cad/c5.factorial_score_correlations.csv
le8/cvd_cad/c5.factorial_shapley.csv
le8/cvd_cad/c5.factorial_status.csv
le8/cvd_cad/c5.factorial_strata.csv
le8/cvd_cad/c5.fit_diagnostics.csv
le8/cvd_cad/c5.fold_C_index.csv
le8/cvd_cad/c5.genetic_training_screens.csv
le8/cvd_cad/c5.inflammatory_burden.csv
le8/cvd_cad/c5.interpretation.txt
le8/cvd_cad/c5.landmark_availability.csv
le8/cvd_cad/c5.marker_definitions.csv
le8/cvd_cad/c5.marker_heterogeneity.csv
le8/cvd_cad/c5.metrics.csv
le8/cvd_cad/c5.model_preprocessing.csv
le8/cvd_cad/c5.omic_PGS_status.txt
le8/cvd_cad/c5.paired_contrasts.csv
le8/cvd_cad/c5.panel_counts.csv
le8/cvd_cad/c5.panel_members.csv
le8/cvd_cad/c5.panel_overlap.csv
le8/cvd_cad/c5.panel_stability.csv
le8/cvd_cad/c5.pgs_decomposition_coefficients.csv
le8/cvd_cad/c5.pgs_reconstruction.csv
le8/cvd_cad/c5.pipeline_status.csv
le8/cvd_cad/c5.predictor_inventory.csv
le8/cvd_cad/c5.primary_status.csv
le8/cvd_cad/c5.proxy_coefficients.csv
le8/cvd_cad/c5.proxy_preprocessing.csv
le8/cvd_cad/c5.proxy_validation.csv
le8/cvd_cad/c5.prs_cohort_flow.csv
le8/cvd_cad/c5.reference_scope.txt
le8/cvd_cad/c5.systematic.Fig1.evidence_atlas.pdf
le8/cvd_cad/c5.systematic.Fig1.evidence_atlas.png
le8/cvd_cad/c5.systematic.all_c4_contrasts.csv
le8/cvd_cad/c5.systematic.c1_summary.csv
le8/cvd_cad/c5.systematic.cell.coverage.csv
le8/cvd_cad/c5.systematic.cell.enrichment.csv
le8/cvd_cad/c5.systematic.cell.enrichment.png
le8/cvd_cad/c5.systematic.cell.panel_annotation.csv
le8/cvd_cad/c5.systematic.cell.provenance.csv
le8/cvd_cad/c5.systematic.cell_panels.csv
le8/cvd_cad/c5.systematic.cell_universe.csv
le8/cvd_cad/c5.systematic.event_windows.csv
le8/cvd_cad/c5.systematic.landmark_family.csv
le8/cvd_cad/c5.systematic.measured_PGS.csv
le8/cvd_cad/c5.systematic.pillar_support.csv
le8/cvd_cad/c5.systematic.status.json
le8/cvd_cad/c5.training_screens.csv
le8/cvd_cad/figure_layer_correspondence.csv
le8/cvd_cad/met/Fig1.png
le8/cvd_cad/met/Fig1.xlsx
le8/cvd_cad/met/Fig2.png
le8/cvd_cad/met/Fig3.png
le8/cvd_cad/met/Fig3.xlsx
le8/cvd_cad/met/Fig4.png
le8/cvd_cad/met/Fig4.xlsx
le8/cvd_cad/met/Fig5.png
le8/cvd_cad/met/Fig5.xlsx
le8/cvd_cad/met/FigS1.png
le8/cvd_cad/met/FigS10.png
le8/cvd_cad/met/FigS11.png
le8/cvd_cad/met/FigS12.png
le8/cvd_cad/met/FigS13.png
le8/cvd_cad/met/FigS14.png
le8/cvd_cad/met/FigS15.png
le8/cvd_cad/met/FigS16.png
le8/cvd_cad/met/FigS17.png
le8/cvd_cad/met/FigS18.png
le8/cvd_cad/met/FigS19.png
le8/cvd_cad/met/FigS2.png
le8/cvd_cad/met/FigS20.png
le8/cvd_cad/met/FigS21.png
le8/cvd_cad/met/FigS22.png
le8/cvd_cad/met/FigS23.png
le8/cvd_cad/met/FigS24.png
le8/cvd_cad/met/FigS25.png
le8/cvd_cad/met/FigS26.png
le8/cvd_cad/met/FigS27.png
le8/cvd_cad/met/FigS28.png
le8/cvd_cad/met/FigS29.png
le8/cvd_cad/met/FigS3.png
le8/cvd_cad/met/FigS30.png
le8/cvd_cad/met/FigS31.png
le8/cvd_cad/met/FigS31.xlsx
le8/cvd_cad/met/FigS32.png
le8/cvd_cad/met/FigS32.xlsx
le8/cvd_cad/met/FigS33.png
le8/cvd_cad/met/FigS33.xlsx
le8/cvd_cad/met/FigS34.png
le8/cvd_cad/met/FigS34.xlsx
le8/cvd_cad/met/FigS35.png
le8/cvd_cad/met/FigS36.png
le8/cvd_cad/met/FigS37.png
le8/cvd_cad/met/FigS38.png
le8/cvd_cad/met/FigS39.png
le8/cvd_cad/met/FigS4.png
le8/cvd_cad/met/FigS40.png
le8/cvd_cad/met/FigS41.png
le8/cvd_cad/met/FigS42.png
le8/cvd_cad/met/FigS43.png
le8/cvd_cad/met/FigS44.png
le8/cvd_cad/met/FigS45.png
le8/cvd_cad/met/FigS46.png
le8/cvd_cad/met/FigS47.png
le8/cvd_cad/met/FigS48.png
le8/cvd_cad/met/FigS49.png
le8/cvd_cad/met/FigS5.png
le8/cvd_cad/met/FigS50.png
le8/cvd_cad/met/FigS51.png
le8/cvd_cad/met/FigS52.png
le8/cvd_cad/met/FigS53.png
le8/cvd_cad/met/FigS54.png
le8/cvd_cad/met/FigS55.png
le8/cvd_cad/met/FigS56.png
le8/cvd_cad/met/FigS57.png
le8/cvd_cad/met/FigS57.xlsx
le8/cvd_cad/met/FigS58.png
le8/cvd_cad/met/FigS59.png
le8/cvd_cad/met/FigS6.png
le8/cvd_cad/met/FigS60.png
le8/cvd_cad/met/FigS60.xlsx
le8/cvd_cad/met/FigS61.png
le8/cvd_cad/met/FigS62.png
le8/cvd_cad/met/FigS63.png
le8/cvd_cad/met/FigS64.png
le8/cvd_cad/met/FigS65.png
le8/cvd_cad/met/FigS66.png
le8/cvd_cad/met/FigS67.png
le8/cvd_cad/met/FigS68.png
le8/cvd_cad/met/FigS69.png
le8/cvd_cad/met/FigS7.png
le8/cvd_cad/met/FigS70.png
le8/cvd_cad/met/FigS71.png
le8/cvd_cad/met/FigS72.png
le8/cvd_cad/met/FigS73.png
le8/cvd_cad/met/FigS74.png
le8/cvd_cad/met/FigS75.png
le8/cvd_cad/met/FigS76.png
le8/cvd_cad/met/FigS77.png
le8/cvd_cad/met/FigS78.png
le8/cvd_cad/met/FigS79.png
le8/cvd_cad/met/FigS8.png
le8/cvd_cad/met/FigS80.png
le8/cvd_cad/met/FigS81.png
le8/cvd_cad/met/FigS82.png
le8/cvd_cad/met/FigS83.png
le8/cvd_cad/met/FigS84.png
le8/cvd_cad/met/FigS85.png
le8/cvd_cad/met/FigS86.png
le8/cvd_cad/met/FigS87.png
le8/cvd_cad/met/FigS88.png
le8/cvd_cad/met/FigS89.png
le8/cvd_cad/met/FigS89.xlsx
le8/cvd_cad/met/FigS9.png
le8/cvd_cad/met/FigS90.png
le8/cvd_cad/met/FigS91.png
le8/cvd_cad/met/FigS92.png
le8/cvd_cad/met/FigS92.xlsx
le8/cvd_cad/met/TablesS.xlsx
le8/cvd_cad/met/c1_correlate/adj2_attenuation_sameN.csv
le8/cvd_cad/met/c1_correlate/c1.Fig1.circular.png
le8/cvd_cad/met/c1_correlate/c1.Fig10.diagnosis_window_riskset.png
le8/cvd_cad/met/c1_correlate/c1.Fig11.diagnosis_window_riskset.png
le8/cvd_cad/met/c1_correlate/c1.Fig12.diagnosis_window_riskset.png
le8/cvd_cad/met/c1_correlate/c1.Fig13.diagnosis_window_riskset.png
le8/cvd_cad/met/c1_correlate/c1.Fig14.paired_temporal_validation.png
le8/cvd_cad/met/c1_correlate/c1.Fig15.c1.FigPGS.overview.png
le8/cvd_cad/met/c1_correlate/c1.Fig16.c1.FigPGS.sensitivity.png
le8/cvd_cad/met/c1_correlate/c1.Fig17.c1.FigPGS.overview.png
le8/cvd_cad/met/c1_correlate/c1.Fig18.c1.FigPGS.sensitivity.png
le8/cvd_cad/met/c1_correlate/c1.Fig19.c1.FigPGS.overview.png
le8/cvd_cad/met/c1_correlate/c1.Fig2.vc.png
le8/cvd_cad/met/c1_correlate/c1.Fig20.c1.FigPGS.sensitivity.png
le8/cvd_cad/met/c1_correlate/c1.Fig21.c1.FigPGS.overview.png
le8/cvd_cad/met/c1_correlate/c1.Fig22.c1.FigPGS.sensitivity.png
le8/cvd_cad/met/c1_correlate/c1.Fig23.c1.FigPGS.overview.png
le8/cvd_cad/met/c1_correlate/c1.Fig24.c1.FigPGS.sensitivity.png
le8/cvd_cad/met/c1_correlate/c1.Fig25.c1.FigPGS.overview.png
le8/cvd_cad/met/c1_correlate/c1.Fig26.c1.FigPGS.sensitivity.png
le8/cvd_cad/met/c1_correlate/c1.Fig27.gradient_cluster_diagnostics.png
le8/cvd_cad/met/c1_correlate/c1.Fig28.reverse_time_exploratory.png
le8/cvd_cad/met/c1_correlate/c1.Fig29.pgs_actual_concordance.png
le8/cvd_cad/met/c1_correlate/c1.Fig3.temporal_profiles.png
le8/cvd_cad/met/c1_correlate/c1.Fig30.L_VLDL_TG_pct_deep_dive.png
le8/cvd_cad/met/c1_correlate/c1.Fig31.L_VLDL_TG_pct_deep_dive.png
le8/cvd_cad/met/c1_correlate/c1.Fig32.measured_volcano.png
le8/cvd_cad/met/c1_correlate/c1.Fig4.diagnosis_timed_profiles.png
le8/cvd_cad/met/c1_correlate/c1.Fig5.gradient_cluster.png
le8/cvd_cad/met/c1_correlate/c1.Fig6.quantile_top.png
le8/cvd_cad/met/c1_correlate/c1.Fig7.enrich_sig.png
le8/cvd_cad/met/c1_correlate/c1.Fig7.profiles.xlsx
le8/cvd_cad/met/c1_correlate/c1.Fig8.temporal_evidence.png
le8/cvd_cad/met/c1_correlate/c1.Fig9.landmark_birthline_sensitivity.png
le8/cvd_cad/met/c1_correlate/c1.FigPGS.overview.bootstrap.csv
le8/cvd_cad/met/c1_correlate/c1.FigPGS.overview.calibration.csv
le8/cvd_cad/met/c1_correlate/c1.FigPGS.overview.caption.csv
le8/cvd_cad/met/c1_correlate/c1.FigPGS.overview.components.csv
le8/cvd_cad/met/c1_correlate/c1.FigPGS.overview.composition.csv
le8/cvd_cad/met/c1_correlate/c1.FigPGS.overview.contrasts.csv
le8/cvd_cad/met/c1_correlate/c1.FigPGS.overview.folds.csv
le8/cvd_cad/met/c1_correlate/c1.FigPGS.overview.full_cohort_reference.csv
le8/cvd_cad/met/c1_correlate/c1.FigPGS.overview.landmark_contrasts.csv
le8/cvd_cad/met/c1_correlate/c1.FigPGS.overview.landmarks.csv
le8/cvd_cad/met/c1_correlate/c1.FigPGS.overview.lifestyle.csv
le8/cvd_cad/met/c1_correlate/c1.FigPGS.overview.matched_models.csv
le8/cvd_cad/met/c1_correlate/c1.FigPGS.overview.paired.csv
le8/cvd_cad/met/c1_correlate/c1.FigPGS.overview.panels.csv
le8/cvd_cad/met/c1_correlate/c1.FigPGS.overview.pdf
le8/cvd_cad/met/c1_correlate/c1.FigPGS.overview.png
le8/cvd_cad/met/c1_correlate/c1.FigPGS.overview.prevalent.csv
le8/cvd_cad/met/c1_correlate/c1.FigPGS.overview.selection.csv
le8/cvd_cad/met/c1_correlate/c1.FigPGS.overview.sensitivity.csv
le8/cvd_cad/met/c1_correlate/c1.FigPGS.overview.source_calibration.csv
le8/cvd_cad/met/c1_correlate/c1.FigPGS.overview.source_components.csv
le8/cvd_cad/met/c1_correlate/c1.FigPGS.overview.source_contrasts.csv
le8/cvd_cad/met/c1_correlate/c1.FigPGS.overview.source_counts.csv
le8/cvd_cad/met/c1_correlate/c1.FigPGS.overview.source_models.csv
le8/cvd_cad/met/c1_correlate/c1.FigPGS.overview.source_paired.csv
le8/cvd_cad/met/c1_correlate/c1.FigPGS.overview.source_regions.csv
le8/cvd_cad/met/c1_correlate/c1.FigPGS.overview.source_status.csv
le8/cvd_cad/met/c1_correlate/c1.FigPGS.overview.source_variants.csv
le8/cvd_cad/met/c1_correlate/c1.FigPGS.overview.status.csv
le8/cvd_cad/met/c1_correlate/c1.FigPGS.overview.window_contrasts.csv
le8/cvd_cad/met/c1_correlate/c1.FigPGS.overview.windows.csv
le8/cvd_cad/met/c1_correlate/c1.FigPGS.overview.xlsx
le8/cvd_cad/met/c1_correlate/c1.FigPGS.sensitivity.bootstrap.csv
le8/cvd_cad/met/c1_correlate/c1.FigPGS.sensitivity.calibration.csv
le8/cvd_cad/met/c1_correlate/c1.FigPGS.sensitivity.caption.csv
le8/cvd_cad/met/c1_correlate/c1.FigPGS.sensitivity.components.csv
le8/cvd_cad/met/c1_correlate/c1.FigPGS.sensitivity.composition.csv
le8/cvd_cad/met/c1_correlate/c1.FigPGS.sensitivity.contrasts.csv
le8/cvd_cad/met/c1_correlate/c1.FigPGS.sensitivity.folds.csv
le8/cvd_cad/met/c1_correlate/c1.FigPGS.sensitivity.full_cohort_reference.csv
le8/cvd_cad/met/c1_correlate/c1.FigPGS.sensitivity.landmark_contrasts.csv
le8/cvd_cad/met/c1_correlate/c1.FigPGS.sensitivity.landmarks.csv
le8/cvd_cad/met/c1_correlate/c1.FigPGS.sensitivity.lifestyle.csv
le8/cvd_cad/met/c1_correlate/c1.FigPGS.sensitivity.matched_models.csv
le8/cvd_cad/met/c1_correlate/c1.FigPGS.sensitivity.paired.csv
le8/cvd_cad/met/c1_correlate/c1.FigPGS.sensitivity.panels.csv
le8/cvd_cad/met/c1_correlate/c1.FigPGS.sensitivity.pdf
le8/cvd_cad/met/c1_correlate/c1.FigPGS.sensitivity.png
le8/cvd_cad/met/c1_correlate/c1.FigPGS.sensitivity.prevalent.csv
le8/cvd_cad/met/c1_correlate/c1.FigPGS.sensitivity.selection.csv
le8/cvd_cad/met/c1_correlate/c1.FigPGS.sensitivity.sensitivity.csv
le8/cvd_cad/met/c1_correlate/c1.FigPGS.sensitivity.source_calibration.csv
le8/cvd_cad/met/c1_correlate/c1.FigPGS.sensitivity.source_components.csv
le8/cvd_cad/met/c1_correlate/c1.FigPGS.sensitivity.source_contrasts.csv
le8/cvd_cad/met/c1_correlate/c1.FigPGS.sensitivity.source_counts.csv
le8/cvd_cad/met/c1_correlate/c1.FigPGS.sensitivity.source_models.csv
le8/cvd_cad/met/c1_correlate/c1.FigPGS.sensitivity.source_paired.csv
le8/cvd_cad/met/c1_correlate/c1.FigPGS.sensitivity.source_regions.csv
le8/cvd_cad/met/c1_correlate/c1.FigPGS.sensitivity.source_status.csv
le8/cvd_cad/met/c1_correlate/c1.FigPGS.sensitivity.source_variants.csv
le8/cvd_cad/met/c1_correlate/c1.FigPGS.sensitivity.status.csv
le8/cvd_cad/met/c1_correlate/c1.FigPGS.sensitivity.window_contrasts.csv
le8/cvd_cad/met/c1_correlate/c1.FigPGS.sensitivity.windows.csv
le8/cvd_cad/met/c1_correlate/c1.FigPGS.sensitivity.xlsx
le8/cvd_cad/met/c1_correlate/c1.L_VLDL_TG_pct_deep_dive.csv
le8/cvd_cad/met/c1_correlate/c1.L_VLDL_TG_pct_measured_conditional.csv
le8/cvd_cad/met/c1_correlate/c1.L_VLDL_TG_pct_pgs_conditional.csv
le8/cvd_cad/met/c1_correlate/c1.L_VLDL_TG_pct_riskset_trajectory.csv
le8/cvd_cad/met/c1_correlate/c1.circular_associations.csv
le8/cvd_cad/met/c1_correlate/c1.cluster_membership.csv
le8/cvd_cad/met/c1_correlate/c1.cluster_selection.csv
le8/cvd_cad/met/c1_correlate/c1.cohort.csv
le8/cvd_cad/met/c1_correlate/c1.directionality_triage.csv
le8/cvd_cad/met/c1_correlate/c1.endpoint_audit.csv
le8/cvd_cad/met/c1_correlate/c1.endpoint_calendar_years.csv
le8/cvd_cad/met/c1_correlate/c1.endpoint_event_windows.csv
le8/cvd_cad/met/c1_correlate/c1.enrichment_incident_sig.csv
le8/cvd_cad/met/c1_correlate/c1.enrichment_prevalent_sig.csv
le8/cvd_cad/met/c1_correlate/c1.input_feature_annotation_audit.csv
le8/cvd_cad/met/c1_correlate/c1.mock_clusters.csv
le8/cvd_cad/met/c1_correlate/c1.mock_status.csv
le8/cvd_cad/met/c1_correlate/c1.mock_trajectories.csv
le8/cvd_cad/met/c1_correlate/c1.out.xlsx
le8/cvd_cad/met/c1_correlate/c1.paired_pgs_measured.csv
le8/cvd_cad/met/c1_correlate/c1.pgs_actual_concordance.csv
le8/cvd_cad/met/c1_correlate/c1.pgs_focus.bootstrap.csv
le8/cvd_cad/met/c1_correlate/c1.pgs_focus.calibration.csv
le8/cvd_cad/met/c1_correlate/c1.pgs_focus.components.csv
le8/cvd_cad/met/c1_correlate/c1.pgs_focus.composition.csv
le8/cvd_cad/met/c1_correlate/c1.pgs_focus.contrasts.csv
le8/cvd_cad/met/c1_correlate/c1.pgs_focus.folds.csv
le8/cvd_cad/met/c1_correlate/c1.pgs_focus.full_cohort_reference.csv
le8/cvd_cad/met/c1_correlate/c1.pgs_focus.landmark_contrasts.csv
le8/cvd_cad/met/c1_correlate/c1.pgs_focus.landmarks.csv
le8/cvd_cad/met/c1_correlate/c1.pgs_focus.lifestyle.csv
le8/cvd_cad/met/c1_correlate/c1.pgs_focus.matched_models.csv
le8/cvd_cad/met/c1_correlate/c1.pgs_focus.paired.csv
le8/cvd_cad/met/c1_correlate/c1.pgs_focus.prevalent.csv
le8/cvd_cad/met/c1_correlate/c1.pgs_focus.selection.csv
le8/cvd_cad/met/c1_correlate/c1.pgs_focus.sensitivity.csv
le8/cvd_cad/met/c1_correlate/c1.pgs_focus.source_calibration.csv
le8/cvd_cad/met/c1_correlate/c1.pgs_focus.source_components.csv
le8/cvd_cad/met/c1_correlate/c1.pgs_focus.source_contrasts.csv
le8/cvd_cad/met/c1_correlate/c1.pgs_focus.source_counts.csv
le8/cvd_cad/met/c1_correlate/c1.pgs_focus.source_models.csv
le8/cvd_cad/met/c1_correlate/c1.pgs_focus.source_paired.csv
le8/cvd_cad/met/c1_correlate/c1.pgs_focus.source_regions.csv
le8/cvd_cad/met/c1_correlate/c1.pgs_focus.source_status.csv
le8/cvd_cad/met/c1_correlate/c1.pgs_focus.source_variants.csv
le8/cvd_cad/met/c1_correlate/c1.pgs_focus.status.csv
le8/cvd_cad/met/c1_correlate/c1.pgs_focus.window_contrasts.csv
le8/cvd_cad/met/c1_correlate/c1.pgs_focus.windows.csv
le8/cvd_cad/met/c1_correlate/c1.pgs_focus.xlsx
le8/cvd_cad/met/c1_correlate/c1.pgs_status.csv
le8/cvd_cad/met/c1_correlate/c1.temporal_heterogeneity.csv
le8/cvd_cad/met/c1_correlate/c1_correlate.output_index.csv
le8/cvd_cad/met/c1_correlate/mwas_birthline_adj2_full_le8_sensitivity.csv
le8/cvd_cad/met/c1_correlate/mwas_birthline_attained_age_adj2.csv
le8/cvd_cad/met/c1_correlate/mwas_birthline_attained_age_basic.csv
le8/cvd_cad/met/c1_correlate/mwas_diagnosis_window_riskset_adj2.csv
le8/cvd_cad/met/c1_correlate/mwas_incident_adj2.csv
le8/cvd_cad/met/c1_correlate/mwas_incident_adj2_full_le8_sensitivity.csv
le8/cvd_cad/met/c1_correlate/mwas_incident_basic.csv
le8/cvd_cad/met/c1_correlate/mwas_incident_landmark_adj2.csv
le8/cvd_cad/met/c1_correlate/mwas_pgs_attained_age_full_genetic.csv
le8/cvd_cad/met/c1_correlate/mwas_pgs_attained_age_same_omic.csv
le8/cvd_cad/met/c1_correlate/mwas_pgs_incident_full_genetic.csv
le8/cvd_cad/met/c1_correlate/mwas_pgs_incident_same_omic.csv
le8/cvd_cad/met/c1_correlate/mwas_pgs_prevalent_full_genetic.csv
le8/cvd_cad/met/c1_correlate/mwas_pgs_prevalent_same_omic.csv
le8/cvd_cad/met/c1_correlate/mwas_prevalent_adj2.csv
le8/cvd_cad/met/c1_correlate/mwas_prevalent_adj2_full_le8_sensitivity.csv
le8/cvd_cad/met/c1_correlate/mwas_prevalent_basic.csv
le8/cvd_cad/met/c1_correlate/mwas_prevalent_duration_adj2.csv
le8/cvd_cad/met/c1_correlate/mwas_prevalent_reverse_cox_adj2.csv
le8/cvd_cad/met/c1_correlate/outcome_audit.459254.csv
le8/cvd_cad/met/c1_correlate/outcome_audit.472173.csv
le8/cvd_cad/met/c2_cause/c2.Fig1.instrument_diagnostics.png
le8/cvd_cad/met/c2_cause/c2.Fig10.prots.top.png
le8/cvd_cad/met/c2_cause/c2.Fig11.sensitivity_architecture.png
le8/cvd_cad/met/c2_cause/c2.Fig12.directionality_causal.png
le8/cvd_cad/met/c2_cause/c2.Fig13.observational_mr_overview.png
le8/cvd_cad/met/c2_cause/c2.Fig14.qtl_variance_ranked.png
le8/cvd_cad/met/c2_cause/c2.Fig2.effect_concordance.png
le8/cvd_cad/met/c2_cause/c2.Fig3.mr_incident_prevalent.png
le8/cvd_cad/met/c2_cause/c2.Fig4.mrlink2.png
le8/cvd_cad/met/c2_cause/c2.Fig5.bidirectional_mr.png
le8/cvd_cad/met/c2_cause/c2.Fig6.genetic_decomposition.png
le8/cvd_cad/met/c2_cause/c2.Fig7.genetic_component_leadtime.png
le8/cvd_cad/met/c2_cause/c2.Fig8.genetic_component_leadtime.png
le8/cvd_cad/met/c2_cause/c2.Fig9.evidence_grades.png
le8/cvd_cad/met/c2_cause/c2.cis_trans_comparison.csv
le8/cvd_cad/met/c2_cause/c2.decomposition_calibration_folds.csv
le8/cvd_cad/met/c2_cause/c2.directionality_causal.csv
le8/cvd_cad/met/c2_cause/c2.genetic_component_leadtime.csv
le8/cvd_cad/met/c2_cause/c2.heritability_status.csv
le8/cvd_cad/met/c2_cause/c2.individual_genetic_decomposition.csv
le8/cvd_cad/met/c2_cause/c2.individual_genetic_decomposition_status.csv
le8/cvd_cad/met/c2_cause/c2.input_features.csv
le8/cvd_cad/met/c2_cause/c2.instrument_availability.csv
le8/cvd_cad/met/c2_cause/c2.method_scope_audit.csv
le8/cvd_cad/met/c2_cause/c2.mr_incident_prevalent.csv
le8/cvd_cad/met/c2_cause/c2.mr_incident_prevalent_support.csv
le8/cvd_cad/met/c2_cause/c2.reverse_MR_all.csv
le8/cvd_cad/met/c2_cause/c2.reverse_MR_audit.csv
le8/cvd_cad/met/c2_cause/c2.top_candidates.csv
le8/cvd_cad/met/c2_cause/c2_cause.output_index.csv
le8/cvd_cad/met/c2_cause/mrlink2/top/mrlink2.all.tsv
le8/cvd_cad/met/c2_cause/outcome_audit.472173.csv
le8/cvd_cad/met/c3_coloc/c3.CIGMA.xlsx
le8/cvd_cad/met/c3_coloc/c3.CIGMA_annotation.csv
le8/cvd_cad/met/c3_coloc/c3.CIGMA_status.csv
le8/cvd_cad/met/c3_coloc/c3.Fig1.c3.Fig7.pgs_coloc_triangulation.png
le8/cvd_cad/met/c3_coloc/c3.Fig10.credible_sets.png
le8/cvd_cad/met/c3_coloc/c3.Fig11.gpu_coloc_validation.png
le8/cvd_cad/met/c3_coloc/c3.Fig2.c3.Fig7.pgs_coloc_triangulation.png
le8/cvd_cad/met/c3_coloc/c3.Fig3.c3.Fig7.pgs_coloc_triangulation.png
le8/cvd_cad/met/c3_coloc/c3.Fig4.c3.Fig7.pgs_coloc_triangulation.png
le8/cvd_cad/met/c3_coloc/c3.Fig5.c3.Fig7.pgs_coloc_triangulation.png
le8/cvd_cad/met/c3_coloc/c3.Fig6.c3.Fig7.pgs_coloc_triangulation.png
le8/cvd_cad/met/c3_coloc/c3.Fig7.c3.Fig7.pgs_coloc_triangulation.png
le8/cvd_cad/met/c3_coloc/c3.Fig7.pgs_coloc_triangulation.caption.csv
le8/cvd_cad/met/c3_coloc/c3.Fig7.pgs_coloc_triangulation.features.csv
le8/cvd_cad/met/c3_coloc/c3.Fig7.pgs_coloc_triangulation.loci.csv
le8/cvd_cad/met/c3_coloc/c3.Fig7.pgs_coloc_triangulation.panels.csv
le8/cvd_cad/met/c3_coloc/c3.Fig7.pgs_coloc_triangulation.pdf
le8/cvd_cad/met/c3_coloc/c3.Fig7.pgs_coloc_triangulation.png
le8/cvd_cad/met/c3_coloc/c3.Fig7.pgs_coloc_triangulation.xlsx
le8/cvd_cad/met/c3_coloc/c3.Fig8.posterior_evidence.png
le8/cvd_cad/met/c3_coloc/c3.Fig9.regional_top_loci.png
le8/cvd_cad/met/c3_coloc/c3.coloc_summary.csv
le8/cvd_cad/met/c3_coloc/c3.credible_set_audit.csv
le8/cvd_cad/met/c3_coloc/c3.credible_set_by_locus.csv
le8/cvd_cad/met/c3_coloc/c3.mr_locus_selection.csv
le8/cvd_cad/met/c3_coloc/c3.pgs_focus.features.csv
le8/cvd_cad/met/c3_coloc/c3.pgs_focus.loci.csv
le8/cvd_cad/met/c3_coloc/c3.pgs_focus.region_clusters.csv
le8/cvd_cad/met/c3_coloc/c3.pgs_focus.xlsx
le8/cvd_cad/met/c3_coloc/c3.pgs_observed_coloc_triangulation.csv
le8/cvd_cad/met/c3_coloc/c3.same_locus_evidence.csv
le8/cvd_cad/met/c3_coloc/c3.selected_mr.csv
le8/cvd_cad/met/c3_coloc/c3.susie_signal_pairs.csv
le8/cvd_cad/met/c3_coloc/c3.susie_trait_PIP.csv
le8/cvd_cad/met/c3_coloc/c3_coloc.output_index.csv
le8/cvd_cad/met/c3_coloc/qtl_cad_manifest.tsv
le8/cvd_cad/met/c4_connect/c4.Fig1.supervised_connections.png
le8/cvd_cad/met/c4_connect/c4.Fig10.selection_mediation.png
le8/cvd_cad/met/c4_connect/c4.Fig11.imaging_atlas.png
le8/cvd_cad/met/c4_connect/c4.Fig14.imaging_atlas.xlsx
le8/cvd_cad/met/c4_connect/c4.Fig2.mediation.png
le8/cvd_cad/met/c4_connect/c4.Fig3.imaging_context.png
le8/cvd_cad/met/c4_connect/c4.Fig4.lifestyle_omics_risk.png
le8/cvd_cad/met/c4_connect/c4.Fig5.state_remodeling.png
le8/cvd_cad/met/c4_connect/c4.Fig6.proxy_heatmap.png
le8/cvd_cad/met/c4_connect/c4.Fig7.connection_bridge.png
le8/cvd_cad/met/c4_connect/c4.Fig8.connection_evidence.png
le8/cvd_cad/met/c4_connect/c4.Fig9.network_globe.png
le8/cvd_cad/met/c4_connect/c4.LE8_feature_associations.csv
le8/cvd_cad/met/c4_connect/c4.PRS_feature_associations.csv
le8/cvd_cad/met/c4_connect/c4.YS_edges.csv
le8/cvd_cad/met/c4_connect/c4.behavior_biology_associations.csv
le8/cvd_cad/met/c4_connect/c4.behavior_biology_summary.csv
le8/cvd_cad/met/c4_connect/c4.cohort_sampling_audit.csv
le8/cvd_cad/met/c4_connect/c4.genetic_omic_disease_bridges.csv
le8/cvd_cad/met/c4_connect/c4.imaging_associations.csv
le8/cvd_cad/met/c4_connect/c4.imaging_fields.csv
le8/cvd_cad/met/c4_connect/c4.imaging_status.csv
le8/cvd_cad/met/c4_connect/c4.lifestyle_omics_risk_display.csv
le8/cvd_cad/met/c4_connect/c4.matched_PGS_bridges.csv
le8/cvd_cad/met/c4_connect/c4.matched_PGS_scan.csv
le8/cvd_cad/met/c4_connect/c4.matched_PGS_status.csv
le8/cvd_cad/met/c4_connect/c4.mediation_all.csv
le8/cvd_cad/met/c4_connect/c4.mock_brain_region_counts.csv
le8/cvd_cad/met/c4_connect/c4.out.xlsx
le8/cvd_cad/met/c4_connect/c4.primary_pillar_assignment.csv
le8/cvd_cad/met/c4_connect/c4.proxy_membership_YS_YSP_NS.csv
le8/cvd_cad/met/c4_connect/c4.state_network_counts.csv
le8/cvd_cad/met/c4_connect/c4.state_network_edges.csv
le8/cvd_cad/met/c4_connect/c4.state_network_hubs.csv
le8/cvd_cad/met/c4_connect/c4.state_network_status.csv
le8/cvd_cad/met/c4_connect/c4.supervised_module_membership.csv
le8/cvd_cad/met/c4_connect/c4.supervised_module_selection.csv
le8/cvd_cad/met/c4_connect/c4_connect.output_index.csv
le8/cvd_cad/met/c4_connect/outcome_audit.472173.csv
le8/cvd_cad/met/c4_focus/Yin/c5.connection_membership_training_only.csv
le8/cvd_cad/met/c4_focus/YinYang/c5.connection_membership_training_only.csv
le8/cvd_cad/met/c4_focus/c4.focus.baseline_hazards.csv
le8/cvd_cad/met/c4_focus/c4.focus.bootstrap.csv.gz
le8/cvd_cad/met/c4_focus/c4.focus.calibration.csv
le8/cvd_cad/met/c4_focus/c4.focus.contrasts.csv
le8/cvd_cad/met/c4_focus/c4.focus.decision.csv
le8/cvd_cad/met/c4_focus/c4.focus.design.csv
le8/cvd_cad/met/c4_focus/c4.focus.design_status.csv
le8/cvd_cad/met/c4_focus/c4.focus.domain_availability.csv
le8/cvd_cad/met/c4_focus/c4.focus.fit_diagnostics.csv
le8/cvd_cad/met/c4_focus/c4.focus.heterogeneity.csv
le8/cvd_cad/met/c4_focus/c4.focus.inflammation_definition.csv
le8/cvd_cad/met/c4_focus/c4.focus.membership.csv
le8/cvd_cad/met/c4_focus/c4.focus.metrics.csv
le8/cvd_cad/met/c4_focus/c4.focus.model_coefficients.csv
le8/cvd_cad/met/c4_focus/c4.focus.panel_coverage.csv
le8/cvd_cad/met/c4_focus/c4.focus.panel_members.csv
le8/cvd_cad/met/c4_focus/c4.focus.panel_overlap.csv
le8/cvd_cad/met/c4_focus/c4.focus.pillar_counts.csv
le8/cvd_cad/met/c4_focus/c4.focus.preprocessing.csv
le8/cvd_cad/met/c4_focus/c4.focus.proxy_accuracy.csv
le8/cvd_cad/met/c4_focus/c4.focus.training_screen.csv
le8/cvd_cad/met/c4_focus/c4.focus.xlsx
le8/cvd_cad/met/c4_focus/c4_focus.Fig1.equal_budget.png
le8/cvd_cad/met/c5_consolidate/c5.Fig1.prediction_benchmark.png
le8/cvd_cad/met/c5_consolidate/c5.Fig10.simple_pred.png
le8/cvd_cad/met/c5_consolidate/c5.Fig11.simple_pred.png
le8/cvd_cad/met/c5_consolidate/c5.Fig12.screened_pred.png
le8/cvd_cad/met/c5_consolidate/c5.Fig13.screened_pred.png
le8/cvd_cad/met/c5_consolidate/c5.Fig14.connection_pred.png
le8/cvd_cad/met/c5_consolidate/c5.Fig14.heldout_ROC.xlsx
le8/cvd_cad/met/c5_consolidate/c5.Fig15.connection_pred.png
le8/cvd_cad/met/c5_consolidate/c5.Fig16.connection_pred.png
le8/cvd_cad/met/c5_consolidate/c5.Fig17.score_vs_topN_mechanism.png
le8/cvd_cad/met/c5_consolidate/c5.Fig18.score_vs_topN_mechanism.png
le8/cvd_cad/met/c5_consolidate/c5.Fig19.evidence_matrix.png
le8/cvd_cad/met/c5_consolidate/c5.Fig2.score_concordance.png
le8/cvd_cad/met/c5_consolidate/c5.Fig3.prediction_sensitivity.png
le8/cvd_cad/met/c5_consolidate/c5.Fig4.budget_ablation_calibration.png
le8/cvd_cad/met/c5_consolidate/c5.Fig5.heldout_ROC.png
le8/cvd_cad/met/c5_consolidate/c5.Fig6.leadtime_prediction.png
le8/cvd_cad/met/c5_consolidate/c5.Fig7.leadtime_prediction.png
le8/cvd_cad/met/c5_consolidate/c5.Fig8.leadtime_prediction.png
le8/cvd_cad/met/c5_consolidate/c5.Fig9.simple_pred.png
le8/cvd_cad/met/c5_consolidate/c5.attained_age_score_sensitivity.csv
le8/cvd_cad/met/c5_consolidate/c5.candidate_sets.csv
le8/cvd_cad/met/c5_consolidate/c5.connection_membership_training_only.csv
le8/cvd_cad/met/c5_consolidate/c5.connection_sets_training.csv
le8/cvd_cad/met/c5_consolidate/c5.evidence_consolidation.csv
le8/cvd_cad/met/c5_consolidate/c5.input_set_sizes.csv
le8/cvd_cad/met/c5_consolidate/c5.leadtime_discrimination.csv
le8/cvd_cad/met/c5_consolidate/c5.leadtime_headline.csv
le8/cvd_cad/met/c5_consolidate/c5.leadtime_prediction_windows.csv
le8/cvd_cad/met/c5_consolidate/c5.mechanism_weight_prior.csv
le8/cvd_cad/met/c5_consolidate/c5.mock_auc.csv
le8/cvd_cad/met/c5_consolidate/c5.mock_importance.csv
le8/cvd_cad/met/c5_consolidate/c5.mock_roc.csv
le8/cvd_cad/met/c5_consolidate/c5.preclinical_pairs_all.csv
le8/cvd_cad/met/c5_consolidate/c5.prediction_panels.xlsx
le8/cvd_cad/met/c5_consolidate/c5.prediction_summary.csv
le8/cvd_cad/met/c5_consolidate/c5.review_budget_metrics.csv
le8/cvd_cad/met/c5_consolidate/c5.review_calibration.csv
le8/cvd_cad/met/c5_consolidate/c5.review_decision_curves.csv
le8/cvd_cad/met/c5_consolidate/c5.review_design.csv
le8/cvd_cad/met/c5_consolidate/c5.review_model_coefficients.csv
le8/cvd_cad/met/c5_consolidate/c5.review_near_training_scan.csv
le8/cvd_cad/met/c5_consolidate/c5.review_paired_delta_CI.csv
le8/cvd_cad/met/c5_consolidate/c5.review_panel_members.csv
le8/cvd_cad/met/c5_consolidate/c5.review_training_preprocessing.csv
le8/cvd_cad/met/c5_consolidate/c5.score_correlations.csv
le8/cvd_cad/met/c5_consolidate/c5.score_coverage_audit.csv
le8/cvd_cad/met/c5_consolidate/c5.score_vs_topN.csv
le8/cvd_cad/met/c5_consolidate/c5.score_vs_topN_bootstrap.csv
le8/cvd_cad/met/c5_consolidate/c5.score_vs_topN_individual_range.csv
le8/cvd_cad/met/c5_consolidate/c5.score_vs_topN_individuals.csv
le8/cvd_cad/met/c5_consolidate/c5.sequential_forward_training.csv
le8/cvd_cad/met/c5_consolidate/c5.subgroup_auc.csv
le8/cvd_cad/met/c5_consolidate/c5.training_association_screen.csv
le8/cvd_cad/met/c5_consolidate/c5.training_distal_landmark_screen.csv
le8/cvd_cad/met/c5_consolidate/c5.upstream_availability.csv
le8/cvd_cad/met/c5_consolidate/c5.yy_auc_bootstrap_all.csv
le8/cvd_cad/met/c5_consolidate/c5_consolidate.output_index.csv
le8/cvd_cad/met/c5_consolidate/outcome_audit.472173.csv
le8/cvd_cad/met/final.figure_manifest.csv
le8/cvd_cad/met/final.legends.md
le8/cvd_cad/met/final.results.md
le8/cvd_cad/met/final.status.csv
le8/cvd_cad/met/final.supplement_manifest.csv
le8/cvd_cad/met/final_supp/final.association_landscape.caption.csv
le8/cvd_cad/met/final_supp/final.association_landscape.cohort.csv
le8/cvd_cad/met/final_supp/final.association_landscape.incident.csv
le8/cvd_cad/met/final_supp/final.association_landscape.panels.csv
le8/cvd_cad/met/final_supp/final.association_landscape.pdf
le8/cvd_cad/met/final_supp/final.association_landscape.png
le8/cvd_cad/met/final_supp/final.association_landscape.prevalent.csv
le8/cvd_cad/met/final_supp/final.association_landscape.xlsx
le8/cvd_cad/met/s1_interact/s1.sex_interaction.csv
le8/cvd_cad/met/s1_interact/s1_int.Fig01.sex_interaction.out.xlsx
le8/cvd_cad/met/s1_interact/s1_int.Fig1.sex_interaction.png
le8/cvd_cad/met/s1_interact/s1_interact.output_index.csv
le8/cvd_cad/prot/Fig1.png
le8/cvd_cad/prot/Fig2.png
le8/cvd_cad/prot/Fig3.png
le8/cvd_cad/prot/Fig3.xlsx
le8/cvd_cad/prot/Fig4.png
le8/cvd_cad/prot/Fig4.xlsx
le8/cvd_cad/prot/Fig5.png
le8/cvd_cad/prot/FigS1.png
le8/cvd_cad/prot/FigS10.png
le8/cvd_cad/prot/FigS11.png
le8/cvd_cad/prot/FigS12.png
le8/cvd_cad/prot/FigS13.png
le8/cvd_cad/prot/FigS14.png
le8/cvd_cad/prot/FigS15.png
le8/cvd_cad/prot/FigS16.png
le8/cvd_cad/prot/FigS17.png
le8/cvd_cad/prot/FigS18.png
le8/cvd_cad/prot/FigS19.png
le8/cvd_cad/prot/FigS2.png
le8/cvd_cad/prot/FigS20.png
le8/cvd_cad/prot/FigS21.png
le8/cvd_cad/prot/FigS22.png
le8/cvd_cad/prot/FigS23.png
le8/cvd_cad/prot/FigS24.png
le8/cvd_cad/prot/FigS25.png
le8/cvd_cad/prot/FigS26.png
le8/cvd_cad/prot/FigS27.png
le8/cvd_cad/prot/FigS28.png
le8/cvd_cad/prot/FigS28.xlsx
le8/cvd_cad/prot/FigS29.png
le8/cvd_cad/prot/FigS29.xlsx
le8/cvd_cad/prot/FigS3.png
le8/cvd_cad/prot/FigS30.png
le8/cvd_cad/prot/FigS30.xlsx
le8/cvd_cad/prot/FigS31.png
le8/cvd_cad/prot/FigS31.xlsx
le8/cvd_cad/prot/FigS32.png
le8/cvd_cad/prot/FigS33.png
le8/cvd_cad/prot/FigS34.png
le8/cvd_cad/prot/FigS35.png
le8/cvd_cad/prot/FigS36.png
le8/cvd_cad/prot/FigS37.png
le8/cvd_cad/prot/FigS38.png
le8/cvd_cad/prot/FigS39.png
le8/cvd_cad/prot/FigS4.png
le8/cvd_cad/prot/FigS40.png
le8/cvd_cad/prot/FigS41.png
le8/cvd_cad/prot/FigS42.png
le8/cvd_cad/prot/FigS43.png
le8/cvd_cad/prot/FigS44.png
le8/cvd_cad/prot/FigS45.png
le8/cvd_cad/prot/FigS46.png
le8/cvd_cad/prot/FigS47.png
le8/cvd_cad/prot/FigS48.png
le8/cvd_cad/prot/FigS49.png
le8/cvd_cad/prot/FigS5.png
le8/cvd_cad/prot/FigS50.png
le8/cvd_cad/prot/FigS51.png
le8/cvd_cad/prot/FigS52.png
le8/cvd_cad/prot/FigS53.png
le8/cvd_cad/prot/FigS54.png
le8/cvd_cad/prot/FigS55.png
le8/cvd_cad/prot/FigS56.png
le8/cvd_cad/prot/FigS57.png
le8/cvd_cad/prot/FigS58.png
le8/cvd_cad/prot/FigS59.png
le8/cvd_cad/prot/FigS6.png
le8/cvd_cad/prot/FigS60.png
le8/cvd_cad/prot/FigS61.png
le8/cvd_cad/prot/FigS62.png
le8/cvd_cad/prot/FigS63.png
le8/cvd_cad/prot/FigS64.png
le8/cvd_cad/prot/FigS65.png
le8/cvd_cad/prot/FigS66.png
le8/cvd_cad/prot/FigS67.png
le8/cvd_cad/prot/FigS68.png
le8/cvd_cad/prot/FigS69.png
le8/cvd_cad/prot/FigS7.png
le8/cvd_cad/prot/FigS70.png
le8/cvd_cad/prot/FigS71.png
le8/cvd_cad/prot/FigS72.png
le8/cvd_cad/prot/FigS73.png
le8/cvd_cad/prot/FigS74.png
le8/cvd_cad/prot/FigS75.png
le8/cvd_cad/prot/FigS76.png
le8/cvd_cad/prot/FigS77.png
le8/cvd_cad/prot/FigS78.png
le8/cvd_cad/prot/FigS79.png
le8/cvd_cad/prot/FigS8.png
le8/cvd_cad/prot/FigS80.png
le8/cvd_cad/prot/FigS81.png
le8/cvd_cad/prot/FigS82.png
le8/cvd_cad/prot/FigS83.png
le8/cvd_cad/prot/FigS84.png
le8/cvd_cad/prot/FigS85.png
le8/cvd_cad/prot/FigS86.png
le8/cvd_cad/prot/FigS87.png
le8/cvd_cad/prot/FigS88.png
le8/cvd_cad/prot/FigS89.png
le8/cvd_cad/prot/FigS89.xlsx
le8/cvd_cad/prot/FigS9.png
le8/cvd_cad/prot/FigS90.png
le8/cvd_cad/prot/FigS91.png
le8/cvd_cad/prot/FigS92.png
le8/cvd_cad/prot/FigS92.xlsx
le8/cvd_cad/prot/c1_correlate/adj2_attenuation_sameN.csv
le8/cvd_cad/prot/c1_correlate/c1.Fig1.mh.png
le8/cvd_cad/prot/c1_correlate/c1.Fig10.diagnosis_window_riskset.png
le8/cvd_cad/prot/c1_correlate/c1.Fig11.diagnosis_window_riskset.png
le8/cvd_cad/prot/c1_correlate/c1.Fig12.diagnosis_window_riskset.png
le8/cvd_cad/prot/c1_correlate/c1.Fig13.paired_temporal_validation.png
le8/cvd_cad/prot/c1_correlate/c1.Fig14.c1.FigPGS.overview.png
le8/cvd_cad/prot/c1_correlate/c1.Fig15.c1.FigPGS.sensitivity.png
le8/cvd_cad/prot/c1_correlate/c1.Fig16.c1.FigPGS.overview.png
le8/cvd_cad/prot/c1_correlate/c1.Fig17.c1.FigPGS.sensitivity.png
le8/cvd_cad/prot/c1_correlate/c1.Fig18.c1.FigPGS.overview.png
le8/cvd_cad/prot/c1_correlate/c1.Fig19.c1.FigPGS.sensitivity.png
le8/cvd_cad/prot/c1_correlate/c1.Fig2.vc.png
le8/cvd_cad/prot/c1_correlate/c1.Fig20.c1.FigPGS.overview.png
le8/cvd_cad/prot/c1_correlate/c1.Fig21.c1.FigPGS.sensitivity.png
le8/cvd_cad/prot/c1_correlate/c1.Fig22.c1.FigPGS.overview.png
le8/cvd_cad/prot/c1_correlate/c1.Fig23.c1.FigPGS.sensitivity.png
le8/cvd_cad/prot/c1_correlate/c1.Fig24.c1.FigPGS.overview.png
le8/cvd_cad/prot/c1_correlate/c1.Fig25.c1.FigPGS.sensitivity.png
le8/cvd_cad/prot/c1_correlate/c1.Fig26.gradient_cluster_diagnostics.png
le8/cvd_cad/prot/c1_correlate/c1.Fig27.reverse_time_exploratory.png
le8/cvd_cad/prot/c1_correlate/c1.Fig28.pgs_actual_concordance.png
le8/cvd_cad/prot/c1_correlate/c1.Fig29.measured_volcano.png
le8/cvd_cad/prot/c1_correlate/c1.Fig3.temporal_profiles.png
le8/cvd_cad/prot/c1_correlate/c1.Fig4.diagnosis_timed_profiles.png
le8/cvd_cad/prot/c1_correlate/c1.Fig5.gradient_cluster.png
le8/cvd_cad/prot/c1_correlate/c1.Fig6.quantile_top.png
le8/cvd_cad/prot/c1_correlate/c1.Fig7.enrich_sig.png
le8/cvd_cad/prot/c1_correlate/c1.Fig7.profiles.xlsx
le8/cvd_cad/prot/c1_correlate/c1.Fig8.temporal_evidence.png
le8/cvd_cad/prot/c1_correlate/c1.Fig9.landmark_birthline_sensitivity.png
le8/cvd_cad/prot/c1_correlate/c1.FigPGS.overview.bootstrap.csv
le8/cvd_cad/prot/c1_correlate/c1.FigPGS.overview.calibration.csv
le8/cvd_cad/prot/c1_correlate/c1.FigPGS.overview.caption.csv
le8/cvd_cad/prot/c1_correlate/c1.FigPGS.overview.components.csv
le8/cvd_cad/prot/c1_correlate/c1.FigPGS.overview.contrasts.csv
le8/cvd_cad/prot/c1_correlate/c1.FigPGS.overview.folds.csv
le8/cvd_cad/prot/c1_correlate/c1.FigPGS.overview.full_cohort_reference.csv
le8/cvd_cad/prot/c1_correlate/c1.FigPGS.overview.landmark_contrasts.csv
le8/cvd_cad/prot/c1_correlate/c1.FigPGS.overview.landmarks.csv
le8/cvd_cad/prot/c1_correlate/c1.FigPGS.overview.lifestyle.csv
le8/cvd_cad/prot/c1_correlate/c1.FigPGS.overview.matched_models.csv
le8/cvd_cad/prot/c1_correlate/c1.FigPGS.overview.paired.csv
le8/cvd_cad/prot/c1_correlate/c1.FigPGS.overview.panels.csv
le8/cvd_cad/prot/c1_correlate/c1.FigPGS.overview.pdf
le8/cvd_cad/prot/c1_correlate/c1.FigPGS.overview.png
le8/cvd_cad/prot/c1_correlate/c1.FigPGS.overview.prevalent.csv
le8/cvd_cad/prot/c1_correlate/c1.FigPGS.overview.selection.csv
le8/cvd_cad/prot/c1_correlate/c1.FigPGS.overview.sensitivity.csv
le8/cvd_cad/prot/c1_correlate/c1.FigPGS.overview.source_calibration.csv
le8/cvd_cad/prot/c1_correlate/c1.FigPGS.overview.source_components.csv
le8/cvd_cad/prot/c1_correlate/c1.FigPGS.overview.source_contrasts.csv
le8/cvd_cad/prot/c1_correlate/c1.FigPGS.overview.source_counts.csv
le8/cvd_cad/prot/c1_correlate/c1.FigPGS.overview.source_models.csv
le8/cvd_cad/prot/c1_correlate/c1.FigPGS.overview.source_paired.csv
le8/cvd_cad/prot/c1_correlate/c1.FigPGS.overview.source_regions.csv
le8/cvd_cad/prot/c1_correlate/c1.FigPGS.overview.source_status.csv
le8/cvd_cad/prot/c1_correlate/c1.FigPGS.overview.source_variants.csv
le8/cvd_cad/prot/c1_correlate/c1.FigPGS.overview.status.csv
le8/cvd_cad/prot/c1_correlate/c1.FigPGS.overview.window_contrasts.csv
le8/cvd_cad/prot/c1_correlate/c1.FigPGS.overview.windows.csv
le8/cvd_cad/prot/c1_correlate/c1.FigPGS.overview.xlsx
le8/cvd_cad/prot/c1_correlate/c1.FigPGS.sensitivity.bootstrap.csv
le8/cvd_cad/prot/c1_correlate/c1.FigPGS.sensitivity.calibration.csv
le8/cvd_cad/prot/c1_correlate/c1.FigPGS.sensitivity.caption.csv
le8/cvd_cad/prot/c1_correlate/c1.FigPGS.sensitivity.components.csv
le8/cvd_cad/prot/c1_correlate/c1.FigPGS.sensitivity.contrasts.csv
le8/cvd_cad/prot/c1_correlate/c1.FigPGS.sensitivity.folds.csv
le8/cvd_cad/prot/c1_correlate/c1.FigPGS.sensitivity.full_cohort_reference.csv
le8/cvd_cad/prot/c1_correlate/c1.FigPGS.sensitivity.landmark_contrasts.csv
le8/cvd_cad/prot/c1_correlate/c1.FigPGS.sensitivity.landmarks.csv
le8/cvd_cad/prot/c1_correlate/c1.FigPGS.sensitivity.lifestyle.csv
le8/cvd_cad/prot/c1_correlate/c1.FigPGS.sensitivity.matched_models.csv
le8/cvd_cad/prot/c1_correlate/c1.FigPGS.sensitivity.paired.csv
le8/cvd_cad/prot/c1_correlate/c1.FigPGS.sensitivity.panels.csv
le8/cvd_cad/prot/c1_correlate/c1.FigPGS.sensitivity.pdf
le8/cvd_cad/prot/c1_correlate/c1.FigPGS.sensitivity.png
le8/cvd_cad/prot/c1_correlate/c1.FigPGS.sensitivity.prevalent.csv
le8/cvd_cad/prot/c1_correlate/c1.FigPGS.sensitivity.selection.csv
le8/cvd_cad/prot/c1_correlate/c1.FigPGS.sensitivity.sensitivity.csv
le8/cvd_cad/prot/c1_correlate/c1.FigPGS.sensitivity.source_calibration.csv
le8/cvd_cad/prot/c1_correlate/c1.FigPGS.sensitivity.source_components.csv
le8/cvd_cad/prot/c1_correlate/c1.FigPGS.sensitivity.source_contrasts.csv
le8/cvd_cad/prot/c1_correlate/c1.FigPGS.sensitivity.source_counts.csv
le8/cvd_cad/prot/c1_correlate/c1.FigPGS.sensitivity.source_models.csv
le8/cvd_cad/prot/c1_correlate/c1.FigPGS.sensitivity.source_paired.csv
le8/cvd_cad/prot/c1_correlate/c1.FigPGS.sensitivity.source_regions.csv
le8/cvd_cad/prot/c1_correlate/c1.FigPGS.sensitivity.source_status.csv
le8/cvd_cad/prot/c1_correlate/c1.FigPGS.sensitivity.source_variants.csv
le8/cvd_cad/prot/c1_correlate/c1.FigPGS.sensitivity.status.csv
le8/cvd_cad/prot/c1_correlate/c1.FigPGS.sensitivity.window_contrasts.csv
le8/cvd_cad/prot/c1_correlate/c1.FigPGS.sensitivity.windows.csv
le8/cvd_cad/prot/c1_correlate/c1.FigPGS.sensitivity.xlsx
le8/cvd_cad/prot/c1_correlate/c1.cluster_membership.csv
le8/cvd_cad/prot/c1_correlate/c1.cluster_selection.csv
le8/cvd_cad/prot/c1_correlate/c1.cohort.csv
le8/cvd_cad/prot/c1_correlate/c1.directionality_triage.csv
le8/cvd_cad/prot/c1_correlate/c1.endpoint_audit.csv
le8/cvd_cad/prot/c1_correlate/c1.endpoint_calendar_years.csv
le8/cvd_cad/prot/c1_correlate/c1.endpoint_event_windows.csv
le8/cvd_cad/prot/c1_correlate/c1.input_feature_annotation_audit.csv
le8/cvd_cad/prot/c1_correlate/c1.mock_annotation_status.csv
le8/cvd_cad/prot/c1_correlate/c1.mock_clusters.csv
le8/cvd_cad/prot/c1_correlate/c1.mock_function_terms.csv
le8/cvd_cad/prot/c1_correlate/c1.mock_gene_universe.csv
le8/cvd_cad/prot/c1_correlate/c1.mock_ppi_edges.csv
le8/cvd_cad/prot/c1_correlate/c1.mock_status.csv
le8/cvd_cad/prot/c1_correlate/c1.mock_tf_edges.csv
le8/cvd_cad/prot/c1_correlate/c1.mock_trajectories.csv
le8/cvd_cad/prot/c1_correlate/c1.paired_pgs_measured.csv
le8/cvd_cad/prot/c1_correlate/c1.pgs_actual_concordance.csv
le8/cvd_cad/prot/c1_correlate/c1.pgs_focus.bootstrap.csv
le8/cvd_cad/prot/c1_correlate/c1.pgs_focus.calibration.csv
le8/cvd_cad/prot/c1_correlate/c1.pgs_focus.components.csv
le8/cvd_cad/prot/c1_correlate/c1.pgs_focus.contrasts.csv
le8/cvd_cad/prot/c1_correlate/c1.pgs_focus.folds.csv
le8/cvd_cad/prot/c1_correlate/c1.pgs_focus.full_cohort_reference.csv
le8/cvd_cad/prot/c1_correlate/c1.pgs_focus.landmark_contrasts.csv
le8/cvd_cad/prot/c1_correlate/c1.pgs_focus.landmarks.csv
le8/cvd_cad/prot/c1_correlate/c1.pgs_focus.lifestyle.csv
le8/cvd_cad/prot/c1_correlate/c1.pgs_focus.matched_models.csv
le8/cvd_cad/prot/c1_correlate/c1.pgs_focus.paired.csv
le8/cvd_cad/prot/c1_correlate/c1.pgs_focus.prevalent.csv
le8/cvd_cad/prot/c1_correlate/c1.pgs_focus.selection.csv
le8/cvd_cad/prot/c1_correlate/c1.pgs_focus.sensitivity.csv
le8/cvd_cad/prot/c1_correlate/c1.pgs_focus.source_calibration.csv
le8/cvd_cad/prot/c1_correlate/c1.pgs_focus.source_components.csv
le8/cvd_cad/prot/c1_correlate/c1.pgs_focus.source_contrasts.csv
le8/cvd_cad/prot/c1_correlate/c1.pgs_focus.source_counts.csv
le8/cvd_cad/prot/c1_correlate/c1.pgs_focus.source_models.csv
le8/cvd_cad/prot/c1_correlate/c1.pgs_focus.source_paired.csv
le8/cvd_cad/prot/c1_correlate/c1.pgs_focus.source_regions.csv
le8/cvd_cad/prot/c1_correlate/c1.pgs_focus.source_status.csv
le8/cvd_cad/prot/c1_correlate/c1.pgs_focus.source_variants.csv
le8/cvd_cad/prot/c1_correlate/c1.pgs_focus.status.csv
le8/cvd_cad/prot/c1_correlate/c1.pgs_focus.window_contrasts.csv
le8/cvd_cad/prot/c1_correlate/c1.pgs_focus.windows.csv
le8/cvd_cad/prot/c1_correlate/c1.pgs_focus.xlsx
le8/cvd_cad/prot/c1_correlate/c1.pgs_status.csv
le8/cvd_cad/prot/c1_correlate/c1.temporal_heterogeneity.csv
le8/cvd_cad/prot/c1_correlate/c1_correlate.output_index.csv
le8/cvd_cad/prot/c1_correlate/outcome_audit.38576.csv
le8/cvd_cad/prot/c1_correlate/outcome_audit.472173.csv
le8/cvd_cad/prot/c1_correlate/pwas_birthline_adj2_full_le8_sensitivity.csv
le8/cvd_cad/prot/c1_correlate/pwas_birthline_attained_age_adj2.csv
le8/cvd_cad/prot/c1_correlate/pwas_birthline_attained_age_basic.csv
le8/cvd_cad/prot/c1_correlate/pwas_diagnosis_window_riskset_adj2.csv
le8/cvd_cad/prot/c1_correlate/pwas_incident_adj2.csv
le8/cvd_cad/prot/c1_correlate/pwas_incident_adj2_full_le8_sensitivity.csv
le8/cvd_cad/prot/c1_correlate/pwas_incident_basic.csv
le8/cvd_cad/prot/c1_correlate/pwas_incident_landmark_adj2.csv
le8/cvd_cad/prot/c1_correlate/pwas_pgs_attained_age_full_genetic.csv
le8/cvd_cad/prot/c1_correlate/pwas_pgs_attained_age_same_omic.csv
le8/cvd_cad/prot/c1_correlate/pwas_pgs_incident_full_genetic.csv
le8/cvd_cad/prot/c1_correlate/pwas_pgs_incident_same_omic.csv
le8/cvd_cad/prot/c1_correlate/pwas_pgs_prevalent_full_genetic.csv
le8/cvd_cad/prot/c1_correlate/pwas_pgs_prevalent_same_omic.csv
le8/cvd_cad/prot/c1_correlate/pwas_prevalent_adj2.csv
le8/cvd_cad/prot/c1_correlate/pwas_prevalent_adj2_full_le8_sensitivity.csv
le8/cvd_cad/prot/c1_correlate/pwas_prevalent_basic.csv
le8/cvd_cad/prot/c1_correlate/pwas_prevalent_duration_adj2.csv
le8/cvd_cad/prot/c1_correlate/pwas_prevalent_reverse_cox_adj2.csv
le8/cvd_cad/prot/c2_cause/c2.Fig1.instrument_diagnostics.png
le8/cvd_cad/prot/c2_cause/c2.Fig10.dandelion_sensitivity.png
le8/cvd_cad/prot/c2_cause/c2.Fig11.dandelion_mr_integration.png
le8/cvd_cad/prot/c2_cause/c2.Fig12.prots.top.png
le8/cvd_cad/prot/c2_cause/c2.Fig13.sensitivity_architecture.png
le8/cvd_cad/prot/c2_cause/c2.Fig14.dandelion_network.png
le8/cvd_cad/prot/c2_cause/c2.Fig15.directionality_causal.png
le8/cvd_cad/prot/c2_cause/c2.Fig16.observational_mr_overview.png
le8/cvd_cad/prot/c2_cause/c2.Fig17.qtl_variance_ranked.png
le8/cvd_cad/prot/c2_cause/c2.Fig2.effect_concordance.png
le8/cvd_cad/prot/c2_cause/c2.Fig3.mr_incident_prevalent.png
le8/cvd_cad/prot/c2_cause/c2.Fig4.mrlink2.png
le8/cvd_cad/prot/c2_cause/c2.Fig5.bidirectional_mr.png
le8/cvd_cad/prot/c2_cause/c2.Fig6.genetic_decomposition.png
le8/cvd_cad/prot/c2_cause/c2.Fig7.genetic_component_leadtime.png
le8/cvd_cad/prot/c2_cause/c2.Fig8.genetic_component_leadtime.png
le8/cvd_cad/prot/c2_cause/c2.Fig9.evidence_grades.png
le8/cvd_cad/prot/c2_cause/c2.cis_trans_comparison.csv
le8/cvd_cad/prot/c2_cause/c2.dandelion_gene_p_aggregation.csv
le8/cvd_cad/prot/c2_cause/c2.dandelion_input_audit.csv
le8/cvd_cad/prot/c2_cause/c2.dandelion_mr_integration.csv
le8/cvd_cad/prot/c2_cause/c2.dandelion_qtl_coverage.csv
le8/cvd_cad/prot/c2_cause/c2.dandelion_snp_to_cis_gene.csv
le8/cvd_cad/prot/c2_cause/c2.dandelion_targets.csv
le8/cvd_cad/prot/c2_cause/c2.dandelion_targets_all.csv
le8/cvd_cad/prot/c2_cause/c2.decomposition_calibration_folds.csv
le8/cvd_cad/prot/c2_cause/c2.directionality_causal.csv
le8/cvd_cad/prot/c2_cause/c2.genetic_component_leadtime.csv
le8/cvd_cad/prot/c2_cause/c2.heritability_status.csv
le8/cvd_cad/prot/c2_cause/c2.individual_genetic_decomposition.csv
le8/cvd_cad/prot/c2_cause/c2.individual_genetic_decomposition_status.csv
le8/cvd_cad/prot/c2_cause/c2.input_features.csv
le8/cvd_cad/prot/c2_cause/c2.instrument_availability.csv
le8/cvd_cad/prot/c2_cause/c2.method_scope_audit.csv
le8/cvd_cad/prot/c2_cause/c2.mr_incident_prevalent.csv
le8/cvd_cad/prot/c2_cause/c2.mr_incident_prevalent_support.csv
le8/cvd_cad/prot/c2_cause/c2.reverse_MR_all.csv
le8/cvd_cad/prot/c2_cause/c2.reverse_MR_audit.csv
le8/cvd_cad/prot/c2_cause/c2.top_candidates.csv
le8/cvd_cad/prot/c2_cause/c2_cause.output_index.csv
le8/cvd_cad/prot/c2_cause/outcome_audit.472173.csv
le8/cvd_cad/prot/c3_coloc/c3.CIGMA.xlsx
le8/cvd_cad/prot/c3_coloc/c3.CIGMA_annotation.csv
le8/cvd_cad/prot/c3_coloc/c3.CIGMA_status.csv
le8/cvd_cad/prot/c3_coloc/c3.Fig1.c3.Fig7.pgs_coloc_triangulation.png
le8/cvd_cad/prot/c3_coloc/c3.Fig10.credible_sets.png
le8/cvd_cad/prot/c3_coloc/c3.Fig11.gpu_coloc_validation.png
le8/cvd_cad/prot/c3_coloc/c3.Fig2.c3.Fig7.pgs_coloc_triangulation.png
le8/cvd_cad/prot/c3_coloc/c3.Fig3.c3.Fig7.pgs_coloc_triangulation.png
le8/cvd_cad/prot/c3_coloc/c3.Fig4.c3.Fig7.pgs_coloc_triangulation.png
le8/cvd_cad/prot/c3_coloc/c3.Fig5.c3.Fig7.pgs_coloc_triangulation.png
le8/cvd_cad/prot/c3_coloc/c3.Fig6.c3.Fig7.pgs_coloc_triangulation.png
le8/cvd_cad/prot/c3_coloc/c3.Fig7.c3.Fig7.pgs_coloc_triangulation.png
le8/cvd_cad/prot/c3_coloc/c3.Fig7.pgs_coloc_triangulation.caption.csv
le8/cvd_cad/prot/c3_coloc/c3.Fig7.pgs_coloc_triangulation.features.csv
le8/cvd_cad/prot/c3_coloc/c3.Fig7.pgs_coloc_triangulation.panels.csv
le8/cvd_cad/prot/c3_coloc/c3.Fig7.pgs_coloc_triangulation.pdf
le8/cvd_cad/prot/c3_coloc/c3.Fig7.pgs_coloc_triangulation.png
le8/cvd_cad/prot/c3_coloc/c3.Fig8.posterior_evidence.png
le8/cvd_cad/prot/c3_coloc/c3.Fig9.regional_top_loci.png
le8/cvd_cad/prot/c3_coloc/c3.credible_set_audit.csv
le8/cvd_cad/prot/c3_coloc/c3.pgs_focus.features.csv
le8/cvd_cad/prot/c3_coloc/c3.pgs_focus.region_clusters.csv
le8/cvd_cad/prot/c3_coloc/c3.pgs_observed_coloc_triangulation.csv
le8/cvd_cad/prot/c3_coloc/c3.susie_signal_pairs.csv
le8/cvd_cad/prot/c3_coloc/c3.susie_trait_PIP.csv
le8/cvd_cad/prot/c3_coloc/c3_coloc.output_index.csv
le8/cvd_cad/prot/c4_connect/c4.Fig1.supervised_connections.png
le8/cvd_cad/prot/c4_connect/c4.Fig10.imaging_atlas.png
le8/cvd_cad/prot/c4_connect/c4.Fig14.imaging_atlas.xlsx
le8/cvd_cad/prot/c4_connect/c4.Fig2.mediation.png
le8/cvd_cad/prot/c4_connect/c4.Fig3.imaging_context.png
le8/cvd_cad/prot/c4_connect/c4.Fig4.lifestyle_omics_risk.png
le8/cvd_cad/prot/c4_connect/c4.Fig5.proxy_heatmap.png
le8/cvd_cad/prot/c4_connect/c4.Fig6.connection_bridge.png
le8/cvd_cad/prot/c4_connect/c4.Fig7.connection_evidence.png
le8/cvd_cad/prot/c4_connect/c4.Fig8.network_globe.png
le8/cvd_cad/prot/c4_connect/c4.Fig9.selection_mediation.png
le8/cvd_cad/prot/c4_connect/c4.LE8_feature_associations.csv
le8/cvd_cad/prot/c4_connect/c4.PRS_feature_associations.csv
le8/cvd_cad/prot/c4_connect/c4.cohort_sampling_audit.csv
le8/cvd_cad/prot/c4_connect/c4.genetic_omic_disease_bridges.csv
le8/cvd_cad/prot/c4_connect/c4.imaging_associations.csv
le8/cvd_cad/prot/c4_connect/c4.imaging_fields.csv
le8/cvd_cad/prot/c4_connect/c4.imaging_status.csv
le8/cvd_cad/prot/c4_connect/c4.lifestyle_omics_risk_display.csv
le8/cvd_cad/prot/c4_connect/c4.matched_PGS_bridges.csv
le8/cvd_cad/prot/c4_connect/c4.matched_PGS_scan.csv
le8/cvd_cad/prot/c4_connect/c4.matched_PGS_status.csv
le8/cvd_cad/prot/c4_connect/c4.mediation_all.csv
le8/cvd_cad/prot/c4_connect/c4.mock_brain_region_counts.csv
le8/cvd_cad/prot/c4_connect/c4.primary_pillar_assignment.csv
le8/cvd_cad/prot/c4_connect/c4.state_network_counts.csv
le8/cvd_cad/prot/c4_connect/c4.state_network_edges.csv
le8/cvd_cad/prot/c4_connect/c4.state_network_hubs.csv
le8/cvd_cad/prot/c4_connect/c4.state_network_status.csv
le8/cvd_cad/prot/c4_connect/c4.supervised_module_membership.csv
le8/cvd_cad/prot/c4_connect/c4.supervised_module_selection.csv
le8/cvd_cad/prot/c4_connect/c4_connect.output_index.csv
le8/cvd_cad/prot/c4_connect/outcome_audit.472173.csv
le8/cvd_cad/prot/c4_focus/Yin/c5.connection_membership_training_only.csv
le8/cvd_cad/prot/c4_focus/YinYang/c5.connection_membership_training_only.csv
le8/cvd_cad/prot/c4_focus/c4.focus.baseline_hazards.csv
le8/cvd_cad/prot/c4_focus/c4.focus.bootstrap.csv.gz
le8/cvd_cad/prot/c4_focus/c4.focus.calibration.csv
le8/cvd_cad/prot/c4_focus/c4.focus.contrasts.csv
le8/cvd_cad/prot/c4_focus/c4.focus.decision.csv
le8/cvd_cad/prot/c4_focus/c4.focus.design.csv
le8/cvd_cad/prot/c4_focus/c4.focus.design_status.csv
le8/cvd_cad/prot/c4_focus/c4.focus.domain_availability.csv
le8/cvd_cad/prot/c4_focus/c4.focus.fit_diagnostics.csv
le8/cvd_cad/prot/c4_focus/c4.focus.heterogeneity.csv
le8/cvd_cad/prot/c4_focus/c4.focus.inflammation_definition.csv
le8/cvd_cad/prot/c4_focus/c4.focus.membership.csv
le8/cvd_cad/prot/c4_focus/c4.focus.metrics.csv
le8/cvd_cad/prot/c4_focus/c4.focus.model_coefficients.csv
le8/cvd_cad/prot/c4_focus/c4.focus.panel_coverage.csv
le8/cvd_cad/prot/c4_focus/c4.focus.panel_members.csv
le8/cvd_cad/prot/c4_focus/c4.focus.panel_overlap.csv
le8/cvd_cad/prot/c4_focus/c4.focus.pillar_counts.csv
le8/cvd_cad/prot/c4_focus/c4.focus.preprocessing.csv
le8/cvd_cad/prot/c4_focus/c4.focus.proxy_accuracy.csv
le8/cvd_cad/prot/c4_focus/c4.focus.training_screen.csv
le8/cvd_cad/prot/c4_focus/c4.focus.xlsx
le8/cvd_cad/prot/c4_focus/c4_focus.Fig1.equal_budget.png
le8/cvd_cad/prot/c5_consolidate/c5.Fig1.prediction_benchmark.png
le8/cvd_cad/prot/c5_consolidate/c5.Fig10.simple_pred.png
le8/cvd_cad/prot/c5_consolidate/c5.Fig11.simple_pred.png
le8/cvd_cad/prot/c5_consolidate/c5.Fig12.simple_pred.png
le8/cvd_cad/prot/c5_consolidate/c5.Fig13.screened_pred.png
le8/cvd_cad/prot/c5_consolidate/c5.Fig14.heldout_ROC.xlsx
le8/cvd_cad/prot/c5_consolidate/c5.Fig14.screened_pred.png
le8/cvd_cad/prot/c5_consolidate/c5.Fig15.connection_pred.png
le8/cvd_cad/prot/c5_consolidate/c5.Fig16.connection_pred.png
le8/cvd_cad/prot/c5_consolidate/c5.Fig17.connection_pred.png
le8/cvd_cad/prot/c5_consolidate/c5.Fig18.score_vs_topN_mechanism.png
le8/cvd_cad/prot/c5_consolidate/c5.Fig19.score_vs_topN_mechanism.png
le8/cvd_cad/prot/c5_consolidate/c5.Fig2.score_concordance.png
le8/cvd_cad/prot/c5_consolidate/c5.Fig20.evidence_matrix.png
le8/cvd_cad/prot/c5_consolidate/c5.Fig3.prediction_sensitivity.png
le8/cvd_cad/prot/c5_consolidate/c5.Fig4.budget_ablation_calibration.png
le8/cvd_cad/prot/c5_consolidate/c5.Fig5.heldout_ROC.png
le8/cvd_cad/prot/c5_consolidate/c5.Fig6.leadtime_prediction.png
le8/cvd_cad/prot/c5_consolidate/c5.Fig7.leadtime_prediction.png
le8/cvd_cad/prot/c5_consolidate/c5.Fig8.leadtime_prediction.png
le8/cvd_cad/prot/c5_consolidate/c5.Fig9.simple_pred.png
le8/cvd_cad/prot/c5_consolidate/c5.attained_age_score_sensitivity.csv
le8/cvd_cad/prot/c5_consolidate/c5.candidate_sets.csv
le8/cvd_cad/prot/c5_consolidate/c5.connection_membership_training_only.csv
le8/cvd_cad/prot/c5_consolidate/c5.connection_sets_training.csv
le8/cvd_cad/prot/c5_consolidate/c5.input_set_sizes.csv
le8/cvd_cad/prot/c5_consolidate/c5.leadtime_discrimination.csv
le8/cvd_cad/prot/c5_consolidate/c5.leadtime_headline.csv
le8/cvd_cad/prot/c5_consolidate/c5.leadtime_prediction_windows.csv
le8/cvd_cad/prot/c5_consolidate/c5.mechanism_weight_prior.csv
le8/cvd_cad/prot/c5_consolidate/c5.mock_auc.csv
le8/cvd_cad/prot/c5_consolidate/c5.mock_importance.csv
le8/cvd_cad/prot/c5_consolidate/c5.mock_roc.csv
le8/cvd_cad/prot/c5_consolidate/c5.prediction_summary.csv
le8/cvd_cad/prot/c5_consolidate/c5.review_budget_metrics.csv
le8/cvd_cad/prot/c5_consolidate/c5.review_calibration.csv
le8/cvd_cad/prot/c5_consolidate/c5.review_decision_curves.csv
le8/cvd_cad/prot/c5_consolidate/c5.review_design.csv
le8/cvd_cad/prot/c5_consolidate/c5.review_model_coefficients.csv
le8/cvd_cad/prot/c5_consolidate/c5.review_near_training_scan.csv
le8/cvd_cad/prot/c5_consolidate/c5.review_paired_delta_CI.csv
le8/cvd_cad/prot/c5_consolidate/c5.review_panel_members.csv
le8/cvd_cad/prot/c5_consolidate/c5.review_training_preprocessing.csv
le8/cvd_cad/prot/c5_consolidate/c5.score_correlations.csv
le8/cvd_cad/prot/c5_consolidate/c5.score_coverage_audit.csv
le8/cvd_cad/prot/c5_consolidate/c5.score_vs_topN.csv
le8/cvd_cad/prot/c5_consolidate/c5.score_vs_topN_bootstrap.csv
le8/cvd_cad/prot/c5_consolidate/c5.score_vs_topN_individual_range.csv
le8/cvd_cad/prot/c5_consolidate/c5.score_vs_topN_individuals.csv
le8/cvd_cad/prot/c5_consolidate/c5.sequential_forward_training.csv
le8/cvd_cad/prot/c5_consolidate/c5.subgroup_auc.csv
le8/cvd_cad/prot/c5_consolidate/c5.training_association_screen.csv
le8/cvd_cad/prot/c5_consolidate/c5.training_distal_landmark_screen.csv
le8/cvd_cad/prot/c5_consolidate/c5.upstream_availability.csv
le8/cvd_cad/prot/c5_consolidate/c5.yy_auc_bootstrap_all.csv
le8/cvd_cad/prot/c5_consolidate/c5_consolidate.output_index.csv
le8/cvd_cad/prot/c5_consolidate/outcome_audit.472173.csv
le8/cvd_cad/prot/final.figure_manifest.csv
le8/cvd_cad/prot/final.legends.md
le8/cvd_cad/prot/final.results.md
le8/cvd_cad/prot/final.status.csv
le8/cvd_cad/prot/final.supplement_manifest.csv
le8/cvd_cad/prot/final_supp/final.association_landscape.caption.csv
le8/cvd_cad/prot/final_supp/final.association_landscape.cohort.csv
le8/cvd_cad/prot/final_supp/final.association_landscape.incident.csv
le8/cvd_cad/prot/final_supp/final.association_landscape.panels.csv
le8/cvd_cad/prot/final_supp/final.association_landscape.pdf
le8/cvd_cad/prot/final_supp/final.association_landscape.png
le8/cvd_cad/prot/final_supp/final.association_landscape.prevalent.csv
le8/cvd_cad/prot/final_supp/final.association_landscape.xlsx
le8/cvd_cad/prot/s1_interact/s1.sex_interaction.csv
le8/cvd_cad/prot/s1_interact/s1_int.Fig01.sex_interaction.out.xlsx
le8/cvd_cad/prot/s1_interact/s1_int.Fig1.sex_interaction.png
le8/cvd_cad/prot/s1_interact/s1_interact.output_index.csv
le8/cvd_cad/s1_interact/s1.LE8_pairwise_interactions.csv
le8/cvd_cad/s1_interact/s1_int.Fig02.LE8_component_interactions.out.xlsx
le8/cvd_cad/s1_interact/s1_int.Fig1.LE8_component_interactions.png
le8/cvd_cad/s1_interact/s1_interact.output_index.csv
le8/cvd_cad/s2_nonlin/s2.nonlin_curves.csv
le8/cvd_cad/s2_nonlin/s2.nonlin_tests.csv
le8/cvd_cad/s2_nonlin/s2.penalty_CV_by_fold.csv
le8/cvd_cad/s2_nonlin/s2.penalty_inner_CV.csv
le8/cvd_cad/s2_nonlin/s2.penalty_selected_gamma.csv
le8/cvd_cad/s2_nonlin/s2.penalty_summary.csv
le8/cvd_cad/s2_nonlin/s2_nonlin.Fig01.spline_patterns.out.xlsx
le8/cvd_cad/s2_nonlin/s2_nonlin.Fig02.pass_fail_penalty.out.xlsx
le8/cvd_cad/s2_nonlin/s2_nonlin.Fig1.spline_patterns.png
le8/cvd_cad/s2_nonlin/s2_nonlin.Fig2.spline_patterns.png
le8/cvd_cad/s2_nonlin/s2_nonlin.Fig3.pass_fail_penalty.png
le8/cvd_cad/s2_nonlin/s2_nonlin.output_index.csv
le8/ra/Fig1.PGS_integrated.caption.csv
le8/ra/Fig1.PGS_integrated.met_bootstrap.csv
le8/ra/Fig1.PGS_integrated.met_calibration.csv
le8/ra/Fig1.PGS_integrated.met_components.csv
le8/ra/Fig1.PGS_integrated.met_composition.csv
le8/ra/Fig1.PGS_integrated.met_contrasts.csv
le8/ra/Fig1.PGS_integrated.met_folds.csv
le8/ra/Fig1.PGS_integrated.met_full_cohort_reference.csv
le8/ra/Fig1.PGS_integrated.met_landmark_contrasts.csv
le8/ra/Fig1.PGS_integrated.met_landmarks.csv
le8/ra/Fig1.PGS_integrated.met_lifestyle.csv
le8/ra/Fig1.PGS_integrated.met_loci.csv
le8/ra/Fig1.PGS_integrated.met_matched_models.csv
le8/ra/Fig1.PGS_integrated.met_paired.csv
le8/ra/Fig1.PGS_integrated.met_prevalent.csv
le8/ra/Fig1.PGS_integrated.met_selection.csv
le8/ra/Fig1.PGS_integrated.met_sensitivity.csv
le8/ra/Fig1.PGS_integrated.met_source_calibration.csv
le8/ra/Fig1.PGS_integrated.met_source_components.csv
le8/ra/Fig1.PGS_integrated.met_source_contrasts.csv
le8/ra/Fig1.PGS_integrated.met_source_counts.csv
le8/ra/Fig1.PGS_integrated.met_source_models.csv
le8/ra/Fig1.PGS_integrated.met_source_paired.csv
le8/ra/Fig1.PGS_integrated.met_source_regions.csv
le8/ra/Fig1.PGS_integrated.met_source_status.csv
le8/ra/Fig1.PGS_integrated.met_source_variants.csv
le8/ra/Fig1.PGS_integrated.met_status.csv
le8/ra/Fig1.PGS_integrated.met_window_contrasts.csv
le8/ra/Fig1.PGS_integrated.met_windows.csv
le8/ra/Fig1.PGS_integrated.panels.csv
le8/ra/Fig1.PGS_integrated.pdf
le8/ra/Fig1.PGS_integrated.png
le8/ra/Fig1.PGS_integrated.prot_bootstrap.csv
le8/ra/Fig1.PGS_integrated.prot_calibration.csv
le8/ra/Fig1.PGS_integrated.prot_components.csv
le8/ra/Fig1.PGS_integrated.prot_contrasts.csv
le8/ra/Fig1.PGS_integrated.prot_folds.csv
le8/ra/Fig1.PGS_integrated.prot_full_cohort_reference.csv
le8/ra/Fig1.PGS_integrated.prot_landmark_contrasts.csv
le8/ra/Fig1.PGS_integrated.prot_landmarks.csv
le8/ra/Fig1.PGS_integrated.prot_lifestyle.csv
le8/ra/Fig1.PGS_integrated.prot_matched_models.csv
le8/ra/Fig1.PGS_integrated.prot_paired.csv
le8/ra/Fig1.PGS_integrated.prot_prevalent.csv
le8/ra/Fig1.PGS_integrated.prot_selection.csv
le8/ra/Fig1.PGS_integrated.prot_sensitivity.csv
le8/ra/Fig1.PGS_integrated.prot_source_calibration.csv
le8/ra/Fig1.PGS_integrated.prot_source_components.csv
le8/ra/Fig1.PGS_integrated.prot_source_contrasts.csv
le8/ra/Fig1.PGS_integrated.prot_source_counts.csv
le8/ra/Fig1.PGS_integrated.prot_source_models.csv
le8/ra/Fig1.PGS_integrated.prot_source_paired.csv
le8/ra/Fig1.PGS_integrated.prot_source_regions.csv
le8/ra/Fig1.PGS_integrated.prot_source_status.csv
le8/ra/Fig1.PGS_integrated.prot_source_variants.csv
le8/ra/Fig1.PGS_integrated.prot_status.csv
le8/ra/Fig1.PGS_integrated.prot_window_contrasts.csv
le8/ra/Fig1.PGS_integrated.prot_windows.csv
le8/ra/c0.baseline_rebuild_audit.csv
le8/ra/c5.Fig1.joint_modalities.png
le8/ra/c5.Fig2.paired_increment.png
le8/ra/c5.Fig20.integrated_omics_PGS.pdf
le8/ra/c5.Fig20.integrated_omics_PGS.png
le8/ra/c5.Fig21.domains_interpretation.pdf
le8/ra/c5.Fig21.domains_interpretation.png
le8/ra/c5.Fig22.temporal_calibration_genetic_strata.pdf
le8/ra/c5.Fig22.temporal_calibration_genetic_strata.png
le8/ra/c5.Fig23.PRS_prot_met_prediction.pdf
le8/ra/c5.Fig23.PRS_prot_met_prediction.png
le8/ra/c5.Fig24.PRS_prot_met_complementarity.pdf
le8/ra/c5.Fig24.PRS_prot_met_complementarity.png
le8/ra/c5.Fig3.domain_proxies.png
le8/ra/c5.Fig5.calibration.png
le8/ra/c5.Fig6.leadtime_omission.png
le8/ra/c5.PRS_omics_strata.csv
le8/ra/c5.ablation_inventory.csv
le8/ra/c5.assay_inventory.csv
le8/ra/c5.biomarker_PGS_omics_strata.csv
le8/ra/c5.calibration.csv
le8/ra/c5.cell.coverage.csv
le8/ra/c5.cell.enrichment.csv
le8/ra/c5.cell.enrichment.png
le8/ra/c5.cell.panel_annotation.csv
le8/ra/c5.cell.provenance.csv
le8/ra/c5.cell_assay_universe.csv
le8/ra/c5.cell_panels.csv
le8/ra/c5.coefficients.csv
le8/ra/c5.cohort.csv
le8/ra/c5.cross_omic_links.csv
le8/ra/c5.decision_curves.csv
le8/ra/c5.domain_support.csv
le8/ra/c5.endpoint_coverage.csv
le8/ra/c5.evidence_availability.csv
le8/ra/c5.factorial_ROC.csv
le8/ra/c5.factorial_contrasts.csv
le8/ra/c5.factorial_design.csv
le8/ra/c5.factorial_metrics.csv
le8/ra/c5.factorial_score_correlations.csv
le8/ra/c5.factorial_shapley.csv
le8/ra/c5.factorial_status.csv
le8/ra/c5.factorial_strata.csv
le8/ra/c5.fit_diagnostics.csv
le8/ra/c5.fold_C_index.csv
le8/ra/c5.genetic_training_screens.csv
le8/ra/c5.inflammatory_burden.csv
le8/ra/c5.interpretation.txt
le8/ra/c5.landmark_availability.csv
le8/ra/c5.marker_definitions.csv
le8/ra/c5.marker_heterogeneity.csv
le8/ra/c5.metrics.csv
le8/ra/c5.model_preprocessing.csv
le8/ra/c5.omic_PGS_status.txt
le8/ra/c5.paired_contrasts.csv
le8/ra/c5.panel_counts.csv
le8/ra/c5.panel_members.csv
le8/ra/c5.panel_overlap.csv
le8/ra/c5.panel_stability.csv
le8/ra/c5.pgs_decomposition_coefficients.csv
le8/ra/c5.pgs_reconstruction.csv
le8/ra/c5.pipeline_status.csv
le8/ra/c5.predictor_inventory.csv
le8/ra/c5.primary_status.csv
le8/ra/c5.proxy_coefficients.csv
le8/ra/c5.proxy_preprocessing.csv
le8/ra/c5.proxy_validation.csv
le8/ra/c5.prs_cohort_flow.csv
le8/ra/c5.reference_scope.txt
le8/ra/c5.systematic.Fig1.evidence_atlas.pdf
le8/ra/c5.systematic.Fig1.evidence_atlas.png
le8/ra/c5.systematic.all_c4_contrasts.csv
le8/ra/c5.systematic.c1_summary.csv
le8/ra/c5.systematic.cell.coverage.csv
le8/ra/c5.systematic.cell.enrichment.csv
le8/ra/c5.systematic.cell.enrichment.png
le8/ra/c5.systematic.cell.panel_annotation.csv
le8/ra/c5.systematic.cell.provenance.csv
le8/ra/c5.systematic.cell_panels.csv
le8/ra/c5.systematic.cell_universe.csv
le8/ra/c5.systematic.event_windows.csv
le8/ra/c5.systematic.landmark_family.csv
le8/ra/c5.systematic.measured_PGS.csv
le8/ra/c5.systematic.pillar_support.csv
le8/ra/c5.systematic.status.json
le8/ra/c5.training_screens.csv
le8/ra/figure_layer_correspondence.csv
le8/ra/met/Fig1.png
le8/ra/met/Fig1.xlsx
le8/ra/met/Fig2.png
le8/ra/met/Fig3.png
le8/ra/met/Fig3.xlsx
le8/ra/met/Fig4.png
le8/ra/met/Fig4.xlsx
le8/ra/met/Fig5.png
le8/ra/met/Fig5.xlsx
le8/ra/met/FigS1.png
le8/ra/met/FigS10.png
le8/ra/met/FigS100.png
le8/ra/met/FigS100.xlsx
le8/ra/met/FigS11.png
le8/ra/met/FigS12.png
le8/ra/met/FigS13.png
le8/ra/met/FigS14.png
le8/ra/met/FigS15.png
le8/ra/met/FigS16.png
le8/ra/met/FigS17.png
le8/ra/met/FigS18.png
le8/ra/met/FigS19.png
le8/ra/met/FigS2.png
le8/ra/met/FigS20.png
le8/ra/met/FigS21.png
le8/ra/met/FigS22.png
le8/ra/met/FigS23.png
le8/ra/met/FigS24.png
le8/ra/met/FigS25.png
le8/ra/met/FigS26.png
le8/ra/met/FigS27.png
le8/ra/met/FigS28.png
le8/ra/met/FigS29.png
le8/ra/met/FigS3.png
le8/ra/met/FigS30.png
le8/ra/met/FigS31.png
le8/ra/met/FigS32.png
le8/ra/met/FigS33.png
le8/ra/met/FigS34.png
le8/ra/met/FigS35.png
le8/ra/met/FigS36.png
le8/ra/met/FigS37.png
le8/ra/met/FigS38.png
le8/ra/met/FigS39.png
le8/ra/met/FigS39.xlsx
le8/ra/met/FigS4.png
le8/ra/met/FigS40.png
le8/ra/met/FigS40.xlsx
le8/ra/met/FigS41.png
le8/ra/met/FigS42.png
le8/ra/met/FigS43.png
le8/ra/met/FigS44.png
le8/ra/met/FigS45.png
le8/ra/met/FigS46.png
le8/ra/met/FigS47.png
le8/ra/met/FigS48.png
le8/ra/met/FigS49.png
le8/ra/met/FigS5.png
le8/ra/met/FigS50.png
le8/ra/met/FigS51.png
le8/ra/met/FigS52.png
le8/ra/met/FigS53.png
le8/ra/met/FigS54.png
le8/ra/met/FigS55.png
le8/ra/met/FigS56.png
le8/ra/met/FigS57.png
le8/ra/met/FigS58.png
le8/ra/met/FigS59.png
le8/ra/met/FigS6.png
le8/ra/met/FigS60.png
le8/ra/met/FigS61.png
le8/ra/met/FigS62.png
le8/ra/met/FigS63.png
le8/ra/met/FigS64.png
le8/ra/met/FigS65.png
le8/ra/met/FigS66.png
le8/ra/met/FigS67.png
le8/ra/met/FigS68.png
le8/ra/met/FigS69.png
le8/ra/met/FigS69.xlsx
le8/ra/met/FigS7.png
le8/ra/met/FigS70.png
le8/ra/met/FigS71.png
le8/ra/met/FigS72.png
le8/ra/met/FigS73.png
le8/ra/met/FigS74.png
le8/ra/met/FigS75.png
le8/ra/met/FigS76.png
le8/ra/met/FigS77.png
le8/ra/met/FigS78.png
le8/ra/met/FigS79.png
le8/ra/met/FigS8.png
le8/ra/met/FigS80.png
le8/ra/met/FigS81.png
le8/ra/met/FigS82.png
le8/ra/met/FigS83.png
le8/ra/met/FigS84.png
le8/ra/met/FigS85.png
le8/ra/met/FigS86.png
le8/ra/met/FigS87.png
le8/ra/met/FigS88.png
le8/ra/met/FigS89.png
le8/ra/met/FigS9.png
le8/ra/met/FigS90.png
le8/ra/met/FigS91.png
le8/ra/met/FigS92.png
le8/ra/met/FigS93.png
le8/ra/met/FigS94.png
le8/ra/met/FigS95.png
le8/ra/met/FigS96.png
le8/ra/met/FigS97.png
le8/ra/met/FigS98.png
le8/ra/met/FigS99.png
le8/ra/met/TablesS.xlsx
le8/ra/met/c1_correlate/adj2_attenuation_sameN.csv
le8/ra/met/c1_correlate/c1.Fig1.circular.png
le8/ra/met/c1_correlate/c1.Fig10.diagnosis_window_riskset.png
le8/ra/met/c1_correlate/c1.Fig11.diagnosis_window_riskset.png
le8/ra/met/c1_correlate/c1.Fig12.diagnosis_window_riskset.png
le8/ra/met/c1_correlate/c1.Fig13.diagnosis_window_riskset.png
le8/ra/met/c1_correlate/c1.Fig14.paired_temporal_validation.png
le8/ra/met/c1_correlate/c1.Fig15.c1.FigPGS.overview.png
le8/ra/met/c1_correlate/c1.Fig16.c1.FigPGS.sensitivity.png
le8/ra/met/c1_correlate/c1.Fig17.c1.FigPGS.overview.png
le8/ra/met/c1_correlate/c1.Fig18.c1.FigPGS.sensitivity.png
le8/ra/met/c1_correlate/c1.Fig19.c1.FigPGS.overview.png
le8/ra/met/c1_correlate/c1.Fig2.vc.png
le8/ra/met/c1_correlate/c1.Fig20.c1.FigPGS.sensitivity.png
le8/ra/met/c1_correlate/c1.Fig21.c1.FigPGS.overview.png
le8/ra/met/c1_correlate/c1.Fig22.c1.FigPGS.sensitivity.png
le8/ra/met/c1_correlate/c1.Fig23.c1.FigPGS.overview.png
le8/ra/met/c1_correlate/c1.Fig24.c1.FigPGS.sensitivity.png
le8/ra/met/c1_correlate/c1.Fig25.c1.FigPGS.overview.png
le8/ra/met/c1_correlate/c1.Fig26.c1.FigPGS.sensitivity.png
le8/ra/met/c1_correlate/c1.Fig27.c1.FigPGS.overview.png
le8/ra/met/c1_correlate/c1.Fig28.c1.FigPGS.sensitivity.png
le8/ra/met/c1_correlate/c1.Fig29.c1.FigPGS.overview.png
le8/ra/met/c1_correlate/c1.Fig3.temporal_profiles.png
le8/ra/met/c1_correlate/c1.Fig30.c1.FigPGS.sensitivity.png
le8/ra/met/c1_correlate/c1.Fig31.c1.FigPGS.overview.png
le8/ra/met/c1_correlate/c1.Fig32.c1.FigPGS.sensitivity.png
le8/ra/met/c1_correlate/c1.Fig33.gradient_cluster_diagnostics.png
le8/ra/met/c1_correlate/c1.Fig34.reverse_time_exploratory.png
le8/ra/met/c1_correlate/c1.Fig35.pgs_actual_concordance.png
le8/ra/met/c1_correlate/c1.Fig36.L_VLDL_TG_pct_deep_dive.png
le8/ra/met/c1_correlate/c1.Fig37.L_VLDL_TG_pct_deep_dive.png
le8/ra/met/c1_correlate/c1.Fig38.measured_volcano.png
le8/ra/met/c1_correlate/c1.Fig4.diagnosis_timed_profiles.png
le8/ra/met/c1_correlate/c1.Fig5.gradient_cluster.png
le8/ra/met/c1_correlate/c1.Fig6.quantile_top.png
le8/ra/met/c1_correlate/c1.Fig7.enrich_sig.png
le8/ra/met/c1_correlate/c1.Fig7.profiles.xlsx
le8/ra/met/c1_correlate/c1.Fig8.temporal_evidence.png
le8/ra/met/c1_correlate/c1.Fig9.landmark_birthline_sensitivity.png
le8/ra/met/c1_correlate/c1.FigPGS.overview.bootstrap.csv
le8/ra/met/c1_correlate/c1.FigPGS.overview.calibration.csv
le8/ra/met/c1_correlate/c1.FigPGS.overview.caption.csv
le8/ra/met/c1_correlate/c1.FigPGS.overview.components.csv
le8/ra/met/c1_correlate/c1.FigPGS.overview.composition.csv
le8/ra/met/c1_correlate/c1.FigPGS.overview.contrasts.csv
le8/ra/met/c1_correlate/c1.FigPGS.overview.folds.csv
le8/ra/met/c1_correlate/c1.FigPGS.overview.full_cohort_reference.csv
le8/ra/met/c1_correlate/c1.FigPGS.overview.landmark_contrasts.csv
le8/ra/met/c1_correlate/c1.FigPGS.overview.landmarks.csv
le8/ra/met/c1_correlate/c1.FigPGS.overview.lifestyle.csv
le8/ra/met/c1_correlate/c1.FigPGS.overview.matched_models.csv
le8/ra/met/c1_correlate/c1.FigPGS.overview.paired.csv
le8/ra/met/c1_correlate/c1.FigPGS.overview.panels.csv
le8/ra/met/c1_correlate/c1.FigPGS.overview.pdf
le8/ra/met/c1_correlate/c1.FigPGS.overview.png
le8/ra/met/c1_correlate/c1.FigPGS.overview.prevalent.csv
le8/ra/met/c1_correlate/c1.FigPGS.overview.selection.csv
le8/ra/met/c1_correlate/c1.FigPGS.overview.sensitivity.csv
le8/ra/met/c1_correlate/c1.FigPGS.overview.source_calibration.csv
le8/ra/met/c1_correlate/c1.FigPGS.overview.source_components.csv
le8/ra/met/c1_correlate/c1.FigPGS.overview.source_contrasts.csv
le8/ra/met/c1_correlate/c1.FigPGS.overview.source_counts.csv
le8/ra/met/c1_correlate/c1.FigPGS.overview.source_models.csv
le8/ra/met/c1_correlate/c1.FigPGS.overview.source_paired.csv
le8/ra/met/c1_correlate/c1.FigPGS.overview.source_regions.csv
le8/ra/met/c1_correlate/c1.FigPGS.overview.source_status.csv
le8/ra/met/c1_correlate/c1.FigPGS.overview.source_variants.csv
le8/ra/met/c1_correlate/c1.FigPGS.overview.status.csv
le8/ra/met/c1_correlate/c1.FigPGS.overview.window_contrasts.csv
le8/ra/met/c1_correlate/c1.FigPGS.overview.windows.csv
le8/ra/met/c1_correlate/c1.FigPGS.overview.xlsx
le8/ra/met/c1_correlate/c1.FigPGS.sensitivity.bootstrap.csv
le8/ra/met/c1_correlate/c1.FigPGS.sensitivity.calibration.csv
le8/ra/met/c1_correlate/c1.FigPGS.sensitivity.caption.csv
le8/ra/met/c1_correlate/c1.FigPGS.sensitivity.components.csv
le8/ra/met/c1_correlate/c1.FigPGS.sensitivity.composition.csv
le8/ra/met/c1_correlate/c1.FigPGS.sensitivity.contrasts.csv
le8/ra/met/c1_correlate/c1.FigPGS.sensitivity.folds.csv
le8/ra/met/c1_correlate/c1.FigPGS.sensitivity.full_cohort_reference.csv
le8/ra/met/c1_correlate/c1.FigPGS.sensitivity.landmark_contrasts.csv
le8/ra/met/c1_correlate/c1.FigPGS.sensitivity.landmarks.csv
le8/ra/met/c1_correlate/c1.FigPGS.sensitivity.lifestyle.csv
le8/ra/met/c1_correlate/c1.FigPGS.sensitivity.matched_models.csv
le8/ra/met/c1_correlate/c1.FigPGS.sensitivity.paired.csv
le8/ra/met/c1_correlate/c1.FigPGS.sensitivity.panels.csv
le8/ra/met/c1_correlate/c1.FigPGS.sensitivity.pdf
le8/ra/met/c1_correlate/c1.FigPGS.sensitivity.png
le8/ra/met/c1_correlate/c1.FigPGS.sensitivity.prevalent.csv
le8/ra/met/c1_correlate/c1.FigPGS.sensitivity.selection.csv
le8/ra/met/c1_correlate/c1.FigPGS.sensitivity.sensitivity.csv
le8/ra/met/c1_correlate/c1.FigPGS.sensitivity.source_calibration.csv
le8/ra/met/c1_correlate/c1.FigPGS.sensitivity.source_components.csv
le8/ra/met/c1_correlate/c1.FigPGS.sensitivity.source_contrasts.csv
le8/ra/met/c1_correlate/c1.FigPGS.sensitivity.source_counts.csv
le8/ra/met/c1_correlate/c1.FigPGS.sensitivity.source_models.csv
le8/ra/met/c1_correlate/c1.FigPGS.sensitivity.source_paired.csv
le8/ra/met/c1_correlate/c1.FigPGS.sensitivity.source_regions.csv
le8/ra/met/c1_correlate/c1.FigPGS.sensitivity.source_status.csv
le8/ra/met/c1_correlate/c1.FigPGS.sensitivity.source_variants.csv
le8/ra/met/c1_correlate/c1.FigPGS.sensitivity.status.csv
le8/ra/met/c1_correlate/c1.FigPGS.sensitivity.window_contrasts.csv
le8/ra/met/c1_correlate/c1.FigPGS.sensitivity.windows.csv
le8/ra/met/c1_correlate/c1.FigPGS.sensitivity.xlsx
le8/ra/met/c1_correlate/c1.L_VLDL_TG_pct_deep_dive.csv
le8/ra/met/c1_correlate/c1.L_VLDL_TG_pct_measured_conditional.csv
le8/ra/met/c1_correlate/c1.L_VLDL_TG_pct_pgs_conditional.csv
le8/ra/met/c1_correlate/c1.L_VLDL_TG_pct_riskset_trajectory.csv
le8/ra/met/c1_correlate/c1.circular_associations.csv
le8/ra/met/c1_correlate/c1.cluster_membership.csv
le8/ra/met/c1_correlate/c1.cluster_selection.csv
le8/ra/met/c1_correlate/c1.cohort.csv
le8/ra/met/c1_correlate/c1.directionality_triage.csv
le8/ra/met/c1_correlate/c1.endpoint_audit.csv
le8/ra/met/c1_correlate/c1.endpoint_calendar_years.csv
le8/ra/met/c1_correlate/c1.endpoint_event_windows.csv
le8/ra/met/c1_correlate/c1.enrichment_incident_sig.csv
le8/ra/met/c1_correlate/c1.enrichment_prevalent_sig.csv
le8/ra/met/c1_correlate/c1.input_feature_annotation_audit.csv
le8/ra/met/c1_correlate/c1.mock_clusters.csv
le8/ra/met/c1_correlate/c1.mock_status.csv
le8/ra/met/c1_correlate/c1.mock_trajectories.csv
le8/ra/met/c1_correlate/c1.out.xlsx
le8/ra/met/c1_correlate/c1.paired_pgs_measured.csv
le8/ra/met/c1_correlate/c1.pgs_actual_concordance.csv
le8/ra/met/c1_correlate/c1.pgs_focus.bootstrap.csv
le8/ra/met/c1_correlate/c1.pgs_focus.calibration.csv
le8/ra/met/c1_correlate/c1.pgs_focus.components.csv
le8/ra/met/c1_correlate/c1.pgs_focus.composition.csv
le8/ra/met/c1_correlate/c1.pgs_focus.contrasts.csv
le8/ra/met/c1_correlate/c1.pgs_focus.folds.csv
le8/ra/met/c1_correlate/c1.pgs_focus.full_cohort_reference.csv
le8/ra/met/c1_correlate/c1.pgs_focus.landmark_contrasts.csv
le8/ra/met/c1_correlate/c1.pgs_focus.landmarks.csv
le8/ra/met/c1_correlate/c1.pgs_focus.lifestyle.csv
le8/ra/met/c1_correlate/c1.pgs_focus.matched_models.csv
le8/ra/met/c1_correlate/c1.pgs_focus.paired.csv
le8/ra/met/c1_correlate/c1.pgs_focus.prevalent.csv
le8/ra/met/c1_correlate/c1.pgs_focus.selection.csv
le8/ra/met/c1_correlate/c1.pgs_focus.sensitivity.csv
le8/ra/met/c1_correlate/c1.pgs_focus.source_calibration.csv
le8/ra/met/c1_correlate/c1.pgs_focus.source_components.csv
le8/ra/met/c1_correlate/c1.pgs_focus.source_contrasts.csv
le8/ra/met/c1_correlate/c1.pgs_focus.source_counts.csv
le8/ra/met/c1_correlate/c1.pgs_focus.source_models.csv
le8/ra/met/c1_correlate/c1.pgs_focus.source_paired.csv
le8/ra/met/c1_correlate/c1.pgs_focus.source_regions.csv
le8/ra/met/c1_correlate/c1.pgs_focus.source_status.csv
le8/ra/met/c1_correlate/c1.pgs_focus.source_variants.csv
le8/ra/met/c1_correlate/c1.pgs_focus.status.csv
le8/ra/met/c1_correlate/c1.pgs_focus.window_contrasts.csv
le8/ra/met/c1_correlate/c1.pgs_focus.windows.csv
le8/ra/met/c1_correlate/c1.pgs_focus.xlsx
le8/ra/met/c1_correlate/c1.pgs_status.csv
le8/ra/met/c1_correlate/c1.temporal_heterogeneity.csv
le8/ra/met/c1_correlate/c1_correlate.output_index.csv
le8/ra/met/c1_correlate/mwas_birthline_adj2_full_le8_sensitivity.csv
le8/ra/met/c1_correlate/mwas_birthline_attained_age_adj2.csv
le8/ra/met/c1_correlate/mwas_birthline_attained_age_basic.csv
le8/ra/met/c1_correlate/mwas_diagnosis_window_riskset_adj2.csv
le8/ra/met/c1_correlate/mwas_incident_adj2.csv
le8/ra/met/c1_correlate/mwas_incident_adj2_full_le8_sensitivity.csv
le8/ra/met/c1_correlate/mwas_incident_basic.csv
le8/ra/met/c1_correlate/mwas_incident_landmark_adj2.csv
le8/ra/met/c1_correlate/mwas_pgs_attained_age_full_genetic.csv
le8/ra/met/c1_correlate/mwas_pgs_attained_age_same_omic.csv
le8/ra/met/c1_correlate/mwas_pgs_incident_full_genetic.csv
le8/ra/met/c1_correlate/mwas_pgs_incident_same_omic.csv
le8/ra/met/c1_correlate/mwas_pgs_prevalent_full_genetic.csv
le8/ra/met/c1_correlate/mwas_pgs_prevalent_same_omic.csv
le8/ra/met/c1_correlate/mwas_prevalent_adj2.csv
le8/ra/met/c1_correlate/mwas_prevalent_adj2_full_le8_sensitivity.csv
le8/ra/met/c1_correlate/mwas_prevalent_basic.csv
le8/ra/met/c1_correlate/mwas_prevalent_duration_adj2.csv
le8/ra/met/c1_correlate/mwas_prevalent_reverse_cox_adj2.csv
le8/ra/met/c1_correlate/outcome_audit.459254.csv
le8/ra/met/c1_correlate/outcome_audit.472173.csv
le8/ra/met/c2_cause/c2.Fig1.instrument_diagnostics.png
le8/ra/met/c2_cause/c2.Fig10.prots.top.png
le8/ra/met/c2_cause/c2.Fig11.sensitivity_architecture.png
le8/ra/met/c2_cause/c2.Fig12.directionality_causal.png
le8/ra/met/c2_cause/c2.Fig13.observational_mr_overview.png
le8/ra/met/c2_cause/c2.Fig14.qtl_variance_ranked.png
le8/ra/met/c2_cause/c2.Fig2.effect_concordance.png
le8/ra/met/c2_cause/c2.Fig3.mr_incident_prevalent.png
le8/ra/met/c2_cause/c2.Fig4.mrlink2.png
le8/ra/met/c2_cause/c2.Fig5.bidirectional_mr.png
le8/ra/met/c2_cause/c2.Fig6.genetic_decomposition.png
le8/ra/met/c2_cause/c2.Fig7.genetic_component_leadtime.png
le8/ra/met/c2_cause/c2.Fig8.genetic_component_leadtime.png
le8/ra/met/c2_cause/c2.Fig9.evidence_grades.png
le8/ra/met/c2_cause/c2.cis_trans_comparison.csv
le8/ra/met/c2_cause/c2.decomposition_calibration_folds.csv
le8/ra/met/c2_cause/c2.directionality_causal.csv
le8/ra/met/c2_cause/c2.genetic_component_leadtime.csv
le8/ra/met/c2_cause/c2.heritability_status.csv
le8/ra/met/c2_cause/c2.individual_genetic_decomposition.csv
le8/ra/met/c2_cause/c2.individual_genetic_decomposition_status.csv
le8/ra/met/c2_cause/c2.input_features.csv
le8/ra/met/c2_cause/c2.instrument_availability.csv
le8/ra/met/c2_cause/c2.method_scope_audit.csv
le8/ra/met/c2_cause/c2.mr_incident_prevalent.csv
le8/ra/met/c2_cause/c2.mr_incident_prevalent_support.csv
le8/ra/met/c2_cause/c2.reverse_MR_all.csv
le8/ra/met/c2_cause/c2.reverse_MR_audit.csv
le8/ra/met/c2_cause/c2.top_candidates.csv
le8/ra/met/c2_cause/c2_cause.output_index.csv
le8/ra/met/c2_cause/mrlink2/top/mrlink2.all.tsv
le8/ra/met/c2_cause/outcome_audit.472173.csv
le8/ra/met/c3_coloc/c3.CIGMA.xlsx
le8/ra/met/c3_coloc/c3.CIGMA_annotation.csv
le8/ra/met/c3_coloc/c3.CIGMA_status.csv
le8/ra/met/c3_coloc/c3.Fig1.c3.Fig7.pgs_coloc_triangulation.png
le8/ra/met/c3_coloc/c3.Fig10.c3.Fig7.pgs_coloc_triangulation.png
le8/ra/met/c3_coloc/c3.Fig11.posterior_evidence.png
le8/ra/met/c3_coloc/c3.Fig12.regional_top_loci.png
le8/ra/met/c3_coloc/c3.Fig13.credible_sets.png
le8/ra/met/c3_coloc/c3.Fig14.gpu_coloc_validation.png
le8/ra/met/c3_coloc/c3.Fig2.c3.Fig7.pgs_coloc_triangulation.png
le8/ra/met/c3_coloc/c3.Fig3.c3.Fig7.pgs_coloc_triangulation.png
le8/ra/met/c3_coloc/c3.Fig4.c3.Fig7.pgs_coloc_triangulation.png
le8/ra/met/c3_coloc/c3.Fig5.c3.Fig7.pgs_coloc_triangulation.png
le8/ra/met/c3_coloc/c3.Fig6.c3.Fig7.pgs_coloc_triangulation.png
le8/ra/met/c3_coloc/c3.Fig7.c3.Fig7.pgs_coloc_triangulation.png
le8/ra/met/c3_coloc/c3.Fig7.pgs_coloc_triangulation.caption.csv
le8/ra/met/c3_coloc/c3.Fig7.pgs_coloc_triangulation.features.csv
le8/ra/met/c3_coloc/c3.Fig7.pgs_coloc_triangulation.loci.csv
le8/ra/met/c3_coloc/c3.Fig7.pgs_coloc_triangulation.panels.csv
le8/ra/met/c3_coloc/c3.Fig7.pgs_coloc_triangulation.pdf
le8/ra/met/c3_coloc/c3.Fig7.pgs_coloc_triangulation.png
le8/ra/met/c3_coloc/c3.Fig7.pgs_coloc_triangulation.xlsx
le8/ra/met/c3_coloc/c3.Fig8.c3.Fig7.pgs_coloc_triangulation.png
le8/ra/met/c3_coloc/c3.Fig9.c3.Fig7.pgs_coloc_triangulation.png
le8/ra/met/c3_coloc/c3.coloc_summary.csv
le8/ra/met/c3_coloc/c3.credible_set_audit.csv
le8/ra/met/c3_coloc/c3.credible_set_by_locus.csv
le8/ra/met/c3_coloc/c3.mr_locus_selection.csv
le8/ra/met/c3_coloc/c3.out.xlsx
le8/ra/met/c3_coloc/c3.pgs_focus.features.csv
le8/ra/met/c3_coloc/c3.pgs_focus.loci.csv
le8/ra/met/c3_coloc/c3.pgs_focus.region_clusters.csv
le8/ra/met/c3_coloc/c3.pgs_focus.xlsx
le8/ra/met/c3_coloc/c3.pgs_observed_coloc_triangulation.csv
le8/ra/met/c3_coloc/c3.regional_rows.csv
le8/ra/met/c3_coloc/c3.same_locus_evidence.csv
le8/ra/met/c3_coloc/c3.selected_mr.csv
le8/ra/met/c3_coloc/c3.susie_signal_pairs.csv
le8/ra/met/c3_coloc/c3.susie_trait_PIP.csv
le8/ra/met/c3_coloc/c3.variant_posteriors.csv
le8/ra/met/c3_coloc/c3_coloc.output_index.csv
le8/ra/met/c3_coloc/qtl_cad_manifest.tsv
le8/ra/met/c4_connect/c4.Fig1.supervised_connections.png
le8/ra/met/c4_connect/c4.Fig10.imaging_atlas.png
le8/ra/met/c4_connect/c4.Fig14.imaging_atlas.xlsx
le8/ra/met/c4_connect/c4.Fig2.mediation.png
le8/ra/met/c4_connect/c4.Fig3.imaging_context.png
le8/ra/met/c4_connect/c4.Fig4.lifestyle_omics_risk.png
le8/ra/met/c4_connect/c4.Fig5.proxy_heatmap.png
le8/ra/met/c4_connect/c4.Fig6.connection_bridge.png
le8/ra/met/c4_connect/c4.Fig7.connection_evidence.png
le8/ra/met/c4_connect/c4.Fig8.network_globe.png
le8/ra/met/c4_connect/c4.Fig9.selection_mediation.png
le8/ra/met/c4_connect/c4.LE8_feature_associations.csv
le8/ra/met/c4_connect/c4.PRS_feature_associations.csv
le8/ra/met/c4_connect/c4.YS_edges.csv
le8/ra/met/c4_connect/c4.behavior_biology_associations.csv
le8/ra/met/c4_connect/c4.behavior_biology_summary.csv
le8/ra/met/c4_connect/c4.cohort_sampling_audit.csv
le8/ra/met/c4_connect/c4.genetic_omic_disease_bridges.csv
le8/ra/met/c4_connect/c4.imaging_associations.csv
le8/ra/met/c4_connect/c4.imaging_fields.csv
le8/ra/met/c4_connect/c4.imaging_status.csv
le8/ra/met/c4_connect/c4.lifestyle_omics_risk_display.csv
le8/ra/met/c4_connect/c4.matched_PGS_bridges.csv
le8/ra/met/c4_connect/c4.matched_PGS_scan.csv
le8/ra/met/c4_connect/c4.matched_PGS_status.csv
le8/ra/met/c4_connect/c4.mediation_all.csv
le8/ra/met/c4_connect/c4.mock_brain_region_counts.csv
le8/ra/met/c4_connect/c4.out.xlsx
le8/ra/met/c4_connect/c4.primary_pillar_assignment.csv
le8/ra/met/c4_connect/c4.proxy_membership_YS_YSP_NS.csv
le8/ra/met/c4_connect/c4.state_network_counts.csv
le8/ra/met/c4_connect/c4.state_network_edges.csv
le8/ra/met/c4_connect/c4.state_network_hubs.csv
le8/ra/met/c4_connect/c4.state_network_status.csv
le8/ra/met/c4_connect/c4.supervised_module_membership.csv
le8/ra/met/c4_connect/c4.supervised_module_selection.csv
le8/ra/met/c4_connect/c4_connect.output_index.csv
le8/ra/met/c4_connect/outcome_audit.472173.csv
le8/ra/met/c4_focus/Yin/c5.connection_membership_training_only.csv
le8/ra/met/c4_focus/YinYang/c5.connection_membership_training_only.csv
le8/ra/met/c4_focus/c4.focus.baseline_hazards.csv
le8/ra/met/c4_focus/c4.focus.bootstrap.csv.gz
le8/ra/met/c4_focus/c4.focus.calibration.csv
le8/ra/met/c4_focus/c4.focus.contrasts.csv
le8/ra/met/c4_focus/c4.focus.decision.csv
le8/ra/met/c4_focus/c4.focus.design.csv
le8/ra/met/c4_focus/c4.focus.design_status.csv
le8/ra/met/c4_focus/c4.focus.domain_availability.csv
le8/ra/met/c4_focus/c4.focus.fit_diagnostics.csv
le8/ra/met/c4_focus/c4.focus.heterogeneity.csv
le8/ra/met/c4_focus/c4.focus.inflammation_definition.csv
le8/ra/met/c4_focus/c4.focus.membership.csv
le8/ra/met/c4_focus/c4.focus.metrics.csv
le8/ra/met/c4_focus/c4.focus.model_coefficients.csv
le8/ra/met/c4_focus/c4.focus.panel_coverage.csv
le8/ra/met/c4_focus/c4.focus.panel_members.csv
le8/ra/met/c4_focus/c4.focus.panel_overlap.csv
le8/ra/met/c4_focus/c4.focus.pillar_counts.csv
le8/ra/met/c4_focus/c4.focus.preprocessing.csv
le8/ra/met/c4_focus/c4.focus.proxy_accuracy.csv
le8/ra/met/c4_focus/c4.focus.training_screen.csv
le8/ra/met/c4_focus/c4.focus.xlsx
le8/ra/met/c4_focus/c4_focus.Fig1.equal_budget.png
le8/ra/met/c5_consolidate/c5.Fig1.prediction_benchmark.png
le8/ra/met/c5_consolidate/c5.Fig10.simple_pred.png
le8/ra/met/c5_consolidate/c5.Fig11.simple_pred.png
le8/ra/met/c5_consolidate/c5.Fig12.screened_pred.png
le8/ra/met/c5_consolidate/c5.Fig13.screened_pred.png
le8/ra/met/c5_consolidate/c5.Fig14.connection_pred.png
le8/ra/met/c5_consolidate/c5.Fig14.heldout_ROC.xlsx
le8/ra/met/c5_consolidate/c5.Fig15.connection_pred.png
le8/ra/met/c5_consolidate/c5.Fig16.connection_pred.png
le8/ra/met/c5_consolidate/c5.Fig17.score_vs_topN_mechanism.png
le8/ra/met/c5_consolidate/c5.Fig18.score_vs_topN_mechanism.png
le8/ra/met/c5_consolidate/c5.Fig19.evidence_matrix.png
le8/ra/met/c5_consolidate/c5.Fig2.score_concordance.png
le8/ra/met/c5_consolidate/c5.Fig3.prediction_sensitivity.png
le8/ra/met/c5_consolidate/c5.Fig4.budget_ablation_calibration.png
le8/ra/met/c5_consolidate/c5.Fig5.heldout_ROC.png
le8/ra/met/c5_consolidate/c5.Fig6.leadtime_prediction.png
le8/ra/met/c5_consolidate/c5.Fig7.leadtime_prediction.png
le8/ra/met/c5_consolidate/c5.Fig8.leadtime_prediction.png
le8/ra/met/c5_consolidate/c5.Fig9.simple_pred.png
le8/ra/met/c5_consolidate/c5.attained_age_score_sensitivity.csv
le8/ra/met/c5_consolidate/c5.candidate_sets.csv
le8/ra/met/c5_consolidate/c5.connection_membership_training_only.csv
le8/ra/met/c5_consolidate/c5.connection_sets_training.csv
le8/ra/met/c5_consolidate/c5.evidence_consolidation.csv
le8/ra/met/c5_consolidate/c5.input_set_sizes.csv
le8/ra/met/c5_consolidate/c5.leadtime_discrimination.csv
le8/ra/met/c5_consolidate/c5.leadtime_headline.csv
le8/ra/met/c5_consolidate/c5.leadtime_prediction_windows.csv
le8/ra/met/c5_consolidate/c5.mechanism_weight_prior.csv
le8/ra/met/c5_consolidate/c5.mock_auc.csv
le8/ra/met/c5_consolidate/c5.mock_importance.csv
le8/ra/met/c5_consolidate/c5.mock_roc.csv
le8/ra/met/c5_consolidate/c5.preclinical_pairs_all.csv
le8/ra/met/c5_consolidate/c5.prediction_panels.xlsx
le8/ra/met/c5_consolidate/c5.prediction_summary.csv
le8/ra/met/c5_consolidate/c5.review_budget_metrics.csv
le8/ra/met/c5_consolidate/c5.review_calibration.csv
le8/ra/met/c5_consolidate/c5.review_decision_curves.csv
le8/ra/met/c5_consolidate/c5.review_design.csv
le8/ra/met/c5_consolidate/c5.review_model_coefficients.csv
le8/ra/met/c5_consolidate/c5.review_near_training_scan.csv
le8/ra/met/c5_consolidate/c5.review_paired_delta_CI.csv
le8/ra/met/c5_consolidate/c5.review_panel_members.csv
le8/ra/met/c5_consolidate/c5.review_training_preprocessing.csv
le8/ra/met/c5_consolidate/c5.score_correlations.csv
le8/ra/met/c5_consolidate/c5.score_coverage_audit.csv
le8/ra/met/c5_consolidate/c5.score_vs_topN.csv
le8/ra/met/c5_consolidate/c5.score_vs_topN_bootstrap.csv
le8/ra/met/c5_consolidate/c5.score_vs_topN_individual_range.csv
le8/ra/met/c5_consolidate/c5.score_vs_topN_individuals.csv
le8/ra/met/c5_consolidate/c5.sequential_forward_training.csv
le8/ra/met/c5_consolidate/c5.subgroup_auc.csv
le8/ra/met/c5_consolidate/c5.training_association_screen.csv
le8/ra/met/c5_consolidate/c5.training_distal_landmark_screen.csv
le8/ra/met/c5_consolidate/c5.upstream_availability.csv
le8/ra/met/c5_consolidate/c5.yy_auc_bootstrap_all.csv
le8/ra/met/c5_consolidate/c5_consolidate.output_index.csv
le8/ra/met/c5_consolidate/outcome_audit.472173.csv
le8/ra/met/final.figure_manifest.csv
le8/ra/met/final.legends.md
le8/ra/met/final.results.md
le8/ra/met/final.status.csv
le8/ra/met/final.supplement_manifest.csv
le8/ra/met/final_supp/final.association_landscape.caption.csv
le8/ra/met/final_supp/final.association_landscape.cohort.csv
le8/ra/met/final_supp/final.association_landscape.incident.csv
le8/ra/met/final_supp/final.association_landscape.panels.csv
le8/ra/met/final_supp/final.association_landscape.pdf
le8/ra/met/final_supp/final.association_landscape.png
le8/ra/met/final_supp/final.association_landscape.prevalent.csv
le8/ra/met/final_supp/final.association_landscape.xlsx
le8/ra/met/s1_interact/s1.sex_interaction.csv
le8/ra/met/s1_interact/s1_int.Fig01.sex_interaction.out.xlsx
le8/ra/met/s1_interact/s1_int.Fig1.sex_interaction.png
le8/ra/met/s1_interact/s1_interact.output_index.csv
le8/ra/prot/Fig1.png
le8/ra/prot/Fig2.png
le8/ra/prot/Fig3.png
le8/ra/prot/Fig3.xlsx
le8/ra/prot/Fig4.png
le8/ra/prot/Fig4.xlsx
le8/ra/prot/Fig5.png
le8/ra/prot/FigS1.png
le8/ra/prot/FigS10.png
le8/ra/prot/FigS100.png
le8/ra/prot/FigS101.png
le8/ra/prot/FigS102.png
le8/ra/prot/FigS102.xlsx
le8/ra/prot/FigS11.png
le8/ra/prot/FigS12.png
le8/ra/prot/FigS13.png
le8/ra/prot/FigS14.png
le8/ra/prot/FigS15.png
le8/ra/prot/FigS16.png
le8/ra/prot/FigS17.png
le8/ra/prot/FigS18.png
le8/ra/prot/FigS19.png
le8/ra/prot/FigS2.png
le8/ra/prot/FigS20.png
le8/ra/prot/FigS21.png
le8/ra/prot/FigS22.png
le8/ra/prot/FigS23.png
le8/ra/prot/FigS24.png
le8/ra/prot/FigS25.png
le8/ra/prot/FigS26.png
le8/ra/prot/FigS27.png
le8/ra/prot/FigS28.png
le8/ra/prot/FigS29.png
le8/ra/prot/FigS3.png
le8/ra/prot/FigS30.png
le8/ra/prot/FigS31.png
le8/ra/prot/FigS32.png
le8/ra/prot/FigS33.png
le8/ra/prot/FigS34.png
le8/ra/prot/FigS35.png
le8/ra/prot/FigS36.png
le8/ra/prot/FigS37.png
le8/ra/prot/FigS37.xlsx
le8/ra/prot/FigS38.png
le8/ra/prot/FigS38.xlsx
le8/ra/prot/FigS39.png
le8/ra/prot/FigS4.png
le8/ra/prot/FigS40.png
le8/ra/prot/FigS41.png
le8/ra/prot/FigS42.png
le8/ra/prot/FigS43.png
le8/ra/prot/FigS44.png
le8/ra/prot/FigS45.png
le8/ra/prot/FigS46.png
le8/ra/prot/FigS47.png
le8/ra/prot/FigS48.png
le8/ra/prot/FigS49.png
le8/ra/prot/FigS5.png
le8/ra/prot/FigS50.png
le8/ra/prot/FigS51.png
le8/ra/prot/FigS52.png
le8/ra/prot/FigS53.png
le8/ra/prot/FigS54.png
le8/ra/prot/FigS55.png
le8/ra/prot/FigS56.png
le8/ra/prot/FigS57.png
le8/ra/prot/FigS58.png
le8/ra/prot/FigS59.png
le8/ra/prot/FigS6.png
le8/ra/prot/FigS60.png
le8/ra/prot/FigS61.png
le8/ra/prot/FigS62.png
le8/ra/prot/FigS63.png
le8/ra/prot/FigS64.png
le8/ra/prot/FigS65.png
le8/ra/prot/FigS66.png
le8/ra/prot/FigS67.png
le8/ra/prot/FigS68.png
le8/ra/prot/FigS69.png
le8/ra/prot/FigS7.png
le8/ra/prot/FigS70.png
le8/ra/prot/FigS71.png
le8/ra/prot/FigS72.png
le8/ra/prot/FigS73.png
le8/ra/prot/FigS74.png
le8/ra/prot/FigS75.png
le8/ra/prot/FigS76.png
le8/ra/prot/FigS77.png
le8/ra/prot/FigS78.png
le8/ra/prot/FigS79.png
le8/ra/prot/FigS8.png
le8/ra/prot/FigS80.png
le8/ra/prot/FigS81.png
le8/ra/prot/FigS82.png
le8/ra/prot/FigS83.png
le8/ra/prot/FigS84.png
le8/ra/prot/FigS85.png
le8/ra/prot/FigS86.png
le8/ra/prot/FigS87.png
le8/ra/prot/FigS88.png
le8/ra/prot/FigS89.png
le8/ra/prot/FigS9.png
le8/ra/prot/FigS90.png
le8/ra/prot/FigS91.png
le8/ra/prot/FigS92.png
le8/ra/prot/FigS93.png
le8/ra/prot/FigS94.png
le8/ra/prot/FigS95.png
le8/ra/prot/FigS96.png
le8/ra/prot/FigS97.png
le8/ra/prot/FigS98.png
le8/ra/prot/FigS99.png
le8/ra/prot/c1_correlate/adj2_attenuation_sameN.csv
le8/ra/prot/c1_correlate/c1.Fig1.mh.png
le8/ra/prot/c1_correlate/c1.Fig10.diagnosis_window_riskset.png
le8/ra/prot/c1_correlate/c1.Fig11.diagnosis_window_riskset.png
le8/ra/prot/c1_correlate/c1.Fig12.diagnosis_window_riskset.png
le8/ra/prot/c1_correlate/c1.Fig13.diagnosis_window_riskset.png
le8/ra/prot/c1_correlate/c1.Fig14.paired_temporal_validation.png
le8/ra/prot/c1_correlate/c1.Fig15.c1.FigPGS.overview.png
le8/ra/prot/c1_correlate/c1.Fig16.c1.FigPGS.sensitivity.png
le8/ra/prot/c1_correlate/c1.Fig17.c1.FigPGS.overview.png
le8/ra/prot/c1_correlate/c1.Fig18.c1.FigPGS.sensitivity.png
le8/ra/prot/c1_correlate/c1.Fig19.c1.FigPGS.overview.png
le8/ra/prot/c1_correlate/c1.Fig2.vc.png
le8/ra/prot/c1_correlate/c1.Fig20.c1.FigPGS.sensitivity.png
le8/ra/prot/c1_correlate/c1.Fig21.c1.FigPGS.overview.png
le8/ra/prot/c1_correlate/c1.Fig22.c1.FigPGS.sensitivity.png
le8/ra/prot/c1_correlate/c1.Fig23.c1.FigPGS.overview.png
le8/ra/prot/c1_correlate/c1.Fig24.c1.FigPGS.sensitivity.png
le8/ra/prot/c1_correlate/c1.Fig25.c1.FigPGS.overview.png
le8/ra/prot/c1_correlate/c1.Fig26.c1.FigPGS.sensitivity.png
le8/ra/prot/c1_correlate/c1.Fig27.c1.FigPGS.overview.png
le8/ra/prot/c1_correlate/c1.Fig28.c1.FigPGS.sensitivity.png
le8/ra/prot/c1_correlate/c1.Fig29.c1.FigPGS.overview.png
le8/ra/prot/c1_correlate/c1.Fig3.temporal_profiles.png
le8/ra/prot/c1_correlate/c1.Fig30.c1.FigPGS.sensitivity.png
le8/ra/prot/c1_correlate/c1.Fig31.c1.FigPGS.overview.png
le8/ra/prot/c1_correlate/c1.Fig32.c1.FigPGS.sensitivity.png
le8/ra/prot/c1_correlate/c1.Fig33.gradient_cluster_diagnostics.png
le8/ra/prot/c1_correlate/c1.Fig34.reverse_time_exploratory.png
le8/ra/prot/c1_correlate/c1.Fig35.pgs_actual_concordance.png
le8/ra/prot/c1_correlate/c1.Fig36.measured_volcano.png
le8/ra/prot/c1_correlate/c1.Fig4.diagnosis_timed_profiles.png
le8/ra/prot/c1_correlate/c1.Fig5.gradient_cluster.png
le8/ra/prot/c1_correlate/c1.Fig6.quantile_top.png
le8/ra/prot/c1_correlate/c1.Fig7.enrich_sig.png
le8/ra/prot/c1_correlate/c1.Fig7.profiles.xlsx
le8/ra/prot/c1_correlate/c1.Fig8.temporal_evidence.png
le8/ra/prot/c1_correlate/c1.Fig9.landmark_birthline_sensitivity.png
le8/ra/prot/c1_correlate/c1.FigPGS.overview.bootstrap.csv
le8/ra/prot/c1_correlate/c1.FigPGS.overview.calibration.csv
le8/ra/prot/c1_correlate/c1.FigPGS.overview.caption.csv
le8/ra/prot/c1_correlate/c1.FigPGS.overview.components.csv
le8/ra/prot/c1_correlate/c1.FigPGS.overview.contrasts.csv
le8/ra/prot/c1_correlate/c1.FigPGS.overview.folds.csv
le8/ra/prot/c1_correlate/c1.FigPGS.overview.full_cohort_reference.csv
le8/ra/prot/c1_correlate/c1.FigPGS.overview.landmark_contrasts.csv
le8/ra/prot/c1_correlate/c1.FigPGS.overview.landmarks.csv
le8/ra/prot/c1_correlate/c1.FigPGS.overview.lifestyle.csv
le8/ra/prot/c1_correlate/c1.FigPGS.overview.matched_models.csv
le8/ra/prot/c1_correlate/c1.FigPGS.overview.paired.csv
le8/ra/prot/c1_correlate/c1.FigPGS.overview.panels.csv
le8/ra/prot/c1_correlate/c1.FigPGS.overview.pdf
le8/ra/prot/c1_correlate/c1.FigPGS.overview.png
le8/ra/prot/c1_correlate/c1.FigPGS.overview.prevalent.csv
le8/ra/prot/c1_correlate/c1.FigPGS.overview.selection.csv
le8/ra/prot/c1_correlate/c1.FigPGS.overview.sensitivity.csv
le8/ra/prot/c1_correlate/c1.FigPGS.overview.source_calibration.csv
le8/ra/prot/c1_correlate/c1.FigPGS.overview.source_components.csv
le8/ra/prot/c1_correlate/c1.FigPGS.overview.source_contrasts.csv
le8/ra/prot/c1_correlate/c1.FigPGS.overview.source_counts.csv
le8/ra/prot/c1_correlate/c1.FigPGS.overview.source_models.csv
le8/ra/prot/c1_correlate/c1.FigPGS.overview.source_paired.csv
le8/ra/prot/c1_correlate/c1.FigPGS.overview.source_regions.csv
le8/ra/prot/c1_correlate/c1.FigPGS.overview.source_status.csv
le8/ra/prot/c1_correlate/c1.FigPGS.overview.source_variants.csv
le8/ra/prot/c1_correlate/c1.FigPGS.overview.status.csv
le8/ra/prot/c1_correlate/c1.FigPGS.overview.window_contrasts.csv
le8/ra/prot/c1_correlate/c1.FigPGS.overview.windows.csv
le8/ra/prot/c1_correlate/c1.FigPGS.overview.xlsx
le8/ra/prot/c1_correlate/c1.FigPGS.sensitivity.bootstrap.csv
le8/ra/prot/c1_correlate/c1.FigPGS.sensitivity.calibration.csv
le8/ra/prot/c1_correlate/c1.FigPGS.sensitivity.caption.csv
le8/ra/prot/c1_correlate/c1.FigPGS.sensitivity.components.csv
le8/ra/prot/c1_correlate/c1.FigPGS.sensitivity.contrasts.csv
le8/ra/prot/c1_correlate/c1.FigPGS.sensitivity.folds.csv
le8/ra/prot/c1_correlate/c1.FigPGS.sensitivity.full_cohort_reference.csv
le8/ra/prot/c1_correlate/c1.FigPGS.sensitivity.landmark_contrasts.csv
le8/ra/prot/c1_correlate/c1.FigPGS.sensitivity.landmarks.csv
le8/ra/prot/c1_correlate/c1.FigPGS.sensitivity.lifestyle.csv
le8/ra/prot/c1_correlate/c1.FigPGS.sensitivity.matched_models.csv
le8/ra/prot/c1_correlate/c1.FigPGS.sensitivity.paired.csv
le8/ra/prot/c1_correlate/c1.FigPGS.sensitivity.panels.csv
le8/ra/prot/c1_correlate/c1.FigPGS.sensitivity.pdf
le8/ra/prot/c1_correlate/c1.FigPGS.sensitivity.png
le8/ra/prot/c1_correlate/c1.FigPGS.sensitivity.prevalent.csv
le8/ra/prot/c1_correlate/c1.FigPGS.sensitivity.selection.csv
le8/ra/prot/c1_correlate/c1.FigPGS.sensitivity.sensitivity.csv
le8/ra/prot/c1_correlate/c1.FigPGS.sensitivity.source_calibration.csv
le8/ra/prot/c1_correlate/c1.FigPGS.sensitivity.source_components.csv
le8/ra/prot/c1_correlate/c1.FigPGS.sensitivity.source_contrasts.csv
le8/ra/prot/c1_correlate/c1.FigPGS.sensitivity.source_counts.csv
le8/ra/prot/c1_correlate/c1.FigPGS.sensitivity.source_models.csv
le8/ra/prot/c1_correlate/c1.FigPGS.sensitivity.source_paired.csv
le8/ra/prot/c1_correlate/c1.FigPGS.sensitivity.source_regions.csv
le8/ra/prot/c1_correlate/c1.FigPGS.sensitivity.source_status.csv
le8/ra/prot/c1_correlate/c1.FigPGS.sensitivity.source_variants.csv
le8/ra/prot/c1_correlate/c1.FigPGS.sensitivity.status.csv
le8/ra/prot/c1_correlate/c1.FigPGS.sensitivity.window_contrasts.csv
le8/ra/prot/c1_correlate/c1.FigPGS.sensitivity.windows.csv
le8/ra/prot/c1_correlate/c1.FigPGS.sensitivity.xlsx
le8/ra/prot/c1_correlate/c1.cluster_membership.csv
le8/ra/prot/c1_correlate/c1.cluster_selection.csv
le8/ra/prot/c1_correlate/c1.cohort.csv
le8/ra/prot/c1_correlate/c1.directionality_triage.csv
le8/ra/prot/c1_correlate/c1.endpoint_audit.csv
le8/ra/prot/c1_correlate/c1.endpoint_calendar_years.csv
le8/ra/prot/c1_correlate/c1.endpoint_event_windows.csv
le8/ra/prot/c1_correlate/c1.input_feature_annotation_audit.csv
le8/ra/prot/c1_correlate/c1.mock_annotation_status.csv
le8/ra/prot/c1_correlate/c1.mock_clusters.csv
le8/ra/prot/c1_correlate/c1.mock_function_terms.csv
le8/ra/prot/c1_correlate/c1.mock_gene_universe.csv
le8/ra/prot/c1_correlate/c1.mock_ppi_edges.csv
le8/ra/prot/c1_correlate/c1.mock_status.csv
le8/ra/prot/c1_correlate/c1.mock_tf_edges.csv
le8/ra/prot/c1_correlate/c1.mock_trajectories.csv
le8/ra/prot/c1_correlate/c1.paired_pgs_measured.csv
le8/ra/prot/c1_correlate/c1.pgs_actual_concordance.csv
le8/ra/prot/c1_correlate/c1.pgs_focus.bootstrap.csv
le8/ra/prot/c1_correlate/c1.pgs_focus.calibration.csv
le8/ra/prot/c1_correlate/c1.pgs_focus.components.csv
le8/ra/prot/c1_correlate/c1.pgs_focus.contrasts.csv
le8/ra/prot/c1_correlate/c1.pgs_focus.folds.csv
le8/ra/prot/c1_correlate/c1.pgs_focus.full_cohort_reference.csv
le8/ra/prot/c1_correlate/c1.pgs_focus.landmark_contrasts.csv
le8/ra/prot/c1_correlate/c1.pgs_focus.landmarks.csv
le8/ra/prot/c1_correlate/c1.pgs_focus.lifestyle.csv
le8/ra/prot/c1_correlate/c1.pgs_focus.matched_models.csv
le8/ra/prot/c1_correlate/c1.pgs_focus.paired.csv
le8/ra/prot/c1_correlate/c1.pgs_focus.prevalent.csv
le8/ra/prot/c1_correlate/c1.pgs_focus.selection.csv
le8/ra/prot/c1_correlate/c1.pgs_focus.sensitivity.csv
le8/ra/prot/c1_correlate/c1.pgs_focus.source_calibration.csv
le8/ra/prot/c1_correlate/c1.pgs_focus.source_components.csv
le8/ra/prot/c1_correlate/c1.pgs_focus.source_contrasts.csv
le8/ra/prot/c1_correlate/c1.pgs_focus.source_counts.csv
le8/ra/prot/c1_correlate/c1.pgs_focus.source_models.csv
le8/ra/prot/c1_correlate/c1.pgs_focus.source_paired.csv
le8/ra/prot/c1_correlate/c1.pgs_focus.source_regions.csv
le8/ra/prot/c1_correlate/c1.pgs_focus.source_status.csv
le8/ra/prot/c1_correlate/c1.pgs_focus.source_variants.csv
le8/ra/prot/c1_correlate/c1.pgs_focus.status.csv
le8/ra/prot/c1_correlate/c1.pgs_focus.window_contrasts.csv
le8/ra/prot/c1_correlate/c1.pgs_focus.windows.csv
le8/ra/prot/c1_correlate/c1.pgs_focus.xlsx
le8/ra/prot/c1_correlate/c1.pgs_status.csv
le8/ra/prot/c1_correlate/c1.temporal_heterogeneity.csv
le8/ra/prot/c1_correlate/c1_correlate.output_index.csv
le8/ra/prot/c1_correlate/outcome_audit.38576.csv
le8/ra/prot/c1_correlate/outcome_audit.472173.csv
le8/ra/prot/c1_correlate/pwas_birthline_adj2_full_le8_sensitivity.csv
le8/ra/prot/c1_correlate/pwas_birthline_attained_age_adj2.csv
le8/ra/prot/c1_correlate/pwas_birthline_attained_age_basic.csv
le8/ra/prot/c1_correlate/pwas_diagnosis_window_riskset_adj2.csv
le8/ra/prot/c1_correlate/pwas_incident_adj2.csv
le8/ra/prot/c1_correlate/pwas_incident_adj2_full_le8_sensitivity.csv
le8/ra/prot/c1_correlate/pwas_incident_basic.csv
le8/ra/prot/c1_correlate/pwas_incident_landmark_adj2.csv
le8/ra/prot/c1_correlate/pwas_pgs_attained_age_full_genetic.csv
le8/ra/prot/c1_correlate/pwas_pgs_attained_age_same_omic.csv
le8/ra/prot/c1_correlate/pwas_pgs_incident_full_genetic.csv
le8/ra/prot/c1_correlate/pwas_pgs_incident_same_omic.csv
le8/ra/prot/c1_correlate/pwas_pgs_prevalent_full_genetic.csv
le8/ra/prot/c1_correlate/pwas_pgs_prevalent_same_omic.csv
le8/ra/prot/c1_correlate/pwas_prevalent_adj2.csv
le8/ra/prot/c1_correlate/pwas_prevalent_adj2_full_le8_sensitivity.csv
le8/ra/prot/c1_correlate/pwas_prevalent_basic.csv
le8/ra/prot/c1_correlate/pwas_prevalent_duration_adj2.csv
le8/ra/prot/c1_correlate/pwas_prevalent_reverse_cox_adj2.csv
le8/ra/prot/c2_cause/c2.Fig1.instrument_diagnostics.png
le8/ra/prot/c2_cause/c2.Fig10.dandelion_sensitivity.png
le8/ra/prot/c2_cause/c2.Fig11.dandelion_mr_integration.png
le8/ra/prot/c2_cause/c2.Fig12.prots.top.png
le8/ra/prot/c2_cause/c2.Fig13.sensitivity_architecture.png
le8/ra/prot/c2_cause/c2.Fig14.dandelion_network.png
le8/ra/prot/c2_cause/c2.Fig15.directionality_causal.png
le8/ra/prot/c2_cause/c2.Fig16.observational_mr_overview.png
le8/ra/prot/c2_cause/c2.Fig17.qtl_variance_ranked.png
le8/ra/prot/c2_cause/c2.Fig2.effect_concordance.png
le8/ra/prot/c2_cause/c2.Fig3.mr_incident_prevalent.png
le8/ra/prot/c2_cause/c2.Fig4.mrlink2.png
le8/ra/prot/c2_cause/c2.Fig5.bidirectional_mr.png
le8/ra/prot/c2_cause/c2.Fig6.genetic_decomposition.png
le8/ra/prot/c2_cause/c2.Fig7.genetic_component_leadtime.png
le8/ra/prot/c2_cause/c2.Fig8.genetic_component_leadtime.png
le8/ra/prot/c2_cause/c2.Fig9.evidence_grades.png
le8/ra/prot/c2_cause/c2.cis_trans_comparison.csv
le8/ra/prot/c2_cause/c2.dandelion_gene_p_aggregation.csv
le8/ra/prot/c2_cause/c2.dandelion_gene_pairs.csv
le8/ra/prot/c2_cause/c2.dandelion_input_audit.csv
le8/ra/prot/c2_cause/c2.dandelion_mr_integration.csv
le8/ra/prot/c2_cause/c2.dandelion_pairs.csv
le8/ra/prot/c2_cause/c2.dandelion_qtl_coverage.csv
le8/ra/prot/c2_cause/c2.dandelion_snp_to_cis_gene.csv
le8/ra/prot/c2_cause/c2.dandelion_targets.csv
le8/ra/prot/c2_cause/c2.dandelion_targets_all.csv
le8/ra/prot/c2_cause/c2.decomposition_calibration_folds.csv
le8/ra/prot/c2_cause/c2.directionality_causal.csv
le8/ra/prot/c2_cause/c2.genetic_component_leadtime.csv
le8/ra/prot/c2_cause/c2.heritability_status.csv
le8/ra/prot/c2_cause/c2.individual_genetic_decomposition.csv
le8/ra/prot/c2_cause/c2.individual_genetic_decomposition_status.csv
le8/ra/prot/c2_cause/c2.input_features.csv
le8/ra/prot/c2_cause/c2.instrument_availability.csv
le8/ra/prot/c2_cause/c2.method_scope_audit.csv
le8/ra/prot/c2_cause/c2.mr_incident_prevalent.csv
le8/ra/prot/c2_cause/c2.mr_incident_prevalent_support.csv
le8/ra/prot/c2_cause/c2.reverse_MR_all.csv
le8/ra/prot/c2_cause/c2.reverse_MR_audit.csv
le8/ra/prot/c2_cause/c2.top_candidates.csv
le8/ra/prot/c2_cause/c2_cause.output_index.csv
le8/ra/prot/c2_cause/outcome_audit.472173.csv
le8/ra/prot/c3_coloc/c3.CIGMA.xlsx
le8/ra/prot/c3_coloc/c3.CIGMA_annotation.csv
le8/ra/prot/c3_coloc/c3.CIGMA_status.csv
le8/ra/prot/c3_coloc/c3.Fig1.c3.Fig7.pgs_coloc_triangulation.png
le8/ra/prot/c3_coloc/c3.Fig10.c3.Fig7.pgs_coloc_triangulation.png
le8/ra/prot/c3_coloc/c3.Fig11.posterior_evidence.png
le8/ra/prot/c3_coloc/c3.Fig12.regional_top_loci.png
le8/ra/prot/c3_coloc/c3.Fig13.credible_sets.png
le8/ra/prot/c3_coloc/c3.Fig14.gpu_coloc_validation.png
le8/ra/prot/c3_coloc/c3.Fig2.c3.Fig7.pgs_coloc_triangulation.png
le8/ra/prot/c3_coloc/c3.Fig3.c3.Fig7.pgs_coloc_triangulation.png
le8/ra/prot/c3_coloc/c3.Fig4.c3.Fig7.pgs_coloc_triangulation.png
le8/ra/prot/c3_coloc/c3.Fig5.c3.Fig7.pgs_coloc_triangulation.png
le8/ra/prot/c3_coloc/c3.Fig6.c3.Fig7.pgs_coloc_triangulation.png
le8/ra/prot/c3_coloc/c3.Fig7.c3.Fig7.pgs_coloc_triangulation.png
le8/ra/prot/c3_coloc/c3.Fig7.pgs_coloc_triangulation.caption.csv
le8/ra/prot/c3_coloc/c3.Fig7.pgs_coloc_triangulation.features.csv
le8/ra/prot/c3_coloc/c3.Fig7.pgs_coloc_triangulation.panels.csv
le8/ra/prot/c3_coloc/c3.Fig7.pgs_coloc_triangulation.pdf
le8/ra/prot/c3_coloc/c3.Fig7.pgs_coloc_triangulation.png
le8/ra/prot/c3_coloc/c3.Fig8.c3.Fig7.pgs_coloc_triangulation.png
le8/ra/prot/c3_coloc/c3.Fig9.c3.Fig7.pgs_coloc_triangulation.png
le8/ra/prot/c3_coloc/c3.credible_set_audit.csv
le8/ra/prot/c3_coloc/c3.pgs_focus.features.csv
le8/ra/prot/c3_coloc/c3.pgs_focus.region_clusters.csv
le8/ra/prot/c3_coloc/c3.pgs_observed_coloc_triangulation.csv
le8/ra/prot/c3_coloc/c3.susie_signal_pairs.csv
le8/ra/prot/c3_coloc/c3.susie_trait_PIP.csv
le8/ra/prot/c3_coloc/c3_coloc.output_index.csv
le8/ra/prot/c3_coloc/c3_coloc_output_index.status.csv
le8/ra/prot/c4_connect/c4.Fig1.supervised_connections.png
le8/ra/prot/c4_connect/c4.Fig10.imaging_atlas.png
le8/ra/prot/c4_connect/c4.Fig14.imaging_atlas.xlsx
le8/ra/prot/c4_connect/c4.Fig2.mediation.png
le8/ra/prot/c4_connect/c4.Fig3.imaging_context.png
le8/ra/prot/c4_connect/c4.Fig4.lifestyle_omics_risk.png
le8/ra/prot/c4_connect/c4.Fig5.proxy_heatmap.png
le8/ra/prot/c4_connect/c4.Fig6.connection_bridge.png
le8/ra/prot/c4_connect/c4.Fig7.connection_evidence.png
le8/ra/prot/c4_connect/c4.Fig8.network_globe.png
le8/ra/prot/c4_connect/c4.Fig9.selection_mediation.png
le8/ra/prot/c4_connect/c4.LE8_feature_associations.csv
le8/ra/prot/c4_connect/c4.PRS_feature_associations.csv
le8/ra/prot/c4_connect/c4.behavior_biology_associations.csv
le8/ra/prot/c4_connect/c4.behavior_biology_summary.csv
le8/ra/prot/c4_connect/c4.cohort_sampling_audit.csv
le8/ra/prot/c4_connect/c4.genetic_omic_disease_bridges.csv
le8/ra/prot/c4_connect/c4.imaging_associations.csv
le8/ra/prot/c4_connect/c4.imaging_fields.csv
le8/ra/prot/c4_connect/c4.imaging_status.csv
le8/ra/prot/c4_connect/c4.lifestyle_omics_risk_display.csv
le8/ra/prot/c4_connect/c4.matched_PGS_bridges.csv
le8/ra/prot/c4_connect/c4.matched_PGS_scan.csv
le8/ra/prot/c4_connect/c4.matched_PGS_status.csv
le8/ra/prot/c4_connect/c4.mediation_all.csv
le8/ra/prot/c4_connect/c4.mock_brain_region_counts.csv
le8/ra/prot/c4_connect/c4.primary_pillar_assignment.csv
le8/ra/prot/c4_connect/c4.state_network_counts.csv
le8/ra/prot/c4_connect/c4.state_network_edges.csv
le8/ra/prot/c4_connect/c4.state_network_hubs.csv
le8/ra/prot/c4_connect/c4.state_network_status.csv
le8/ra/prot/c4_connect/c4.supervised_module_membership.csv
le8/ra/prot/c4_connect/c4.supervised_module_selection.csv
le8/ra/prot/c4_connect/c4_connect.output_index.csv
le8/ra/prot/c4_connect/outcome_audit.472173.csv
le8/ra/prot/c4_focus/Yin/c5.connection_membership_training_only.csv
le8/ra/prot/c4_focus/YinYang/c5.connection_membership_training_only.csv
le8/ra/prot/c4_focus/c4.focus.baseline_hazards.csv
le8/ra/prot/c4_focus/c4.focus.bootstrap.csv.gz
le8/ra/prot/c4_focus/c4.focus.calibration.csv
le8/ra/prot/c4_focus/c4.focus.contrasts.csv
le8/ra/prot/c4_focus/c4.focus.decision.csv
le8/ra/prot/c4_focus/c4.focus.design.csv
le8/ra/prot/c4_focus/c4.focus.design_status.csv
le8/ra/prot/c4_focus/c4.focus.domain_availability.csv
le8/ra/prot/c4_focus/c4.focus.fit_diagnostics.csv
le8/ra/prot/c4_focus/c4.focus.heterogeneity.csv
le8/ra/prot/c4_focus/c4.focus.inflammation_definition.csv
le8/ra/prot/c4_focus/c4.focus.membership.csv
le8/ra/prot/c4_focus/c4.focus.metrics.csv
le8/ra/prot/c4_focus/c4.focus.model_coefficients.csv
le8/ra/prot/c4_focus/c4.focus.panel_coverage.csv
le8/ra/prot/c4_focus/c4.focus.panel_members.csv
le8/ra/prot/c4_focus/c4.focus.panel_overlap.csv
le8/ra/prot/c4_focus/c4.focus.pillar_counts.csv
le8/ra/prot/c4_focus/c4.focus.preprocessing.csv
le8/ra/prot/c4_focus/c4.focus.proxy_accuracy.csv
le8/ra/prot/c4_focus/c4.focus.training_screen.csv
le8/ra/prot/c4_focus/c4.focus.xlsx
le8/ra/prot/c4_focus/c4_focus.Fig1.equal_budget.png
le8/ra/prot/c5_consolidate/c5.Fig1.prediction_benchmark.png
le8/ra/prot/c5_consolidate/c5.Fig10.simple_pred.png
le8/ra/prot/c5_consolidate/c5.Fig11.simple_pred.png
le8/ra/prot/c5_consolidate/c5.Fig12.simple_pred.png
le8/ra/prot/c5_consolidate/c5.Fig13.screened_pred.png
le8/ra/prot/c5_consolidate/c5.Fig14.heldout_ROC.xlsx
le8/ra/prot/c5_consolidate/c5.Fig14.screened_pred.png
le8/ra/prot/c5_consolidate/c5.Fig15.connection_pred.png
le8/ra/prot/c5_consolidate/c5.Fig16.connection_pred.png
le8/ra/prot/c5_consolidate/c5.Fig17.connection_pred.png
le8/ra/prot/c5_consolidate/c5.Fig18.score_vs_topN_mechanism.png
le8/ra/prot/c5_consolidate/c5.Fig19.score_vs_topN_mechanism.png
le8/ra/prot/c5_consolidate/c5.Fig2.score_concordance.png
le8/ra/prot/c5_consolidate/c5.Fig20.evidence_matrix.png
le8/ra/prot/c5_consolidate/c5.Fig3.prediction_sensitivity.png
le8/ra/prot/c5_consolidate/c5.Fig4.budget_ablation_calibration.png
le8/ra/prot/c5_consolidate/c5.Fig5.heldout_ROC.png
le8/ra/prot/c5_consolidate/c5.Fig6.leadtime_prediction.png
le8/ra/prot/c5_consolidate/c5.Fig7.leadtime_prediction.png
le8/ra/prot/c5_consolidate/c5.Fig8.leadtime_prediction.png
le8/ra/prot/c5_consolidate/c5.Fig9.simple_pred.png
le8/ra/prot/c5_consolidate/c5.attained_age_score_sensitivity.csv
le8/ra/prot/c5_consolidate/c5.candidate_sets.csv
le8/ra/prot/c5_consolidate/c5.connection_membership_training_only.csv
le8/ra/prot/c5_consolidate/c5.connection_sets_training.csv
le8/ra/prot/c5_consolidate/c5.input_set_sizes.csv
le8/ra/prot/c5_consolidate/c5.leadtime_discrimination.csv
le8/ra/prot/c5_consolidate/c5.leadtime_headline.csv
le8/ra/prot/c5_consolidate/c5.leadtime_prediction_windows.csv
le8/ra/prot/c5_consolidate/c5.mechanism_weight_prior.csv
le8/ra/prot/c5_consolidate/c5.mock_auc.csv
le8/ra/prot/c5_consolidate/c5.mock_importance.csv
le8/ra/prot/c5_consolidate/c5.mock_roc.csv
le8/ra/prot/c5_consolidate/c5.prediction_summary.csv
le8/ra/prot/c5_consolidate/c5.review_budget_metrics.csv
le8/ra/prot/c5_consolidate/c5.review_calibration.csv
le8/ra/prot/c5_consolidate/c5.review_decision_curves.csv
le8/ra/prot/c5_consolidate/c5.review_design.csv
le8/ra/prot/c5_consolidate/c5.review_model_coefficients.csv
le8/ra/prot/c5_consolidate/c5.review_near_training_scan.csv
le8/ra/prot/c5_consolidate/c5.review_paired_delta_CI.csv
le8/ra/prot/c5_consolidate/c5.review_panel_members.csv
le8/ra/prot/c5_consolidate/c5.review_training_preprocessing.csv
le8/ra/prot/c5_consolidate/c5.score_correlations.csv
le8/ra/prot/c5_consolidate/c5.score_coverage_audit.csv
le8/ra/prot/c5_consolidate/c5.score_vs_topN.csv
le8/ra/prot/c5_consolidate/c5.score_vs_topN_bootstrap.csv
le8/ra/prot/c5_consolidate/c5.score_vs_topN_individual_range.csv
le8/ra/prot/c5_consolidate/c5.score_vs_topN_individuals.csv
le8/ra/prot/c5_consolidate/c5.sequential_forward_training.csv
le8/ra/prot/c5_consolidate/c5.subgroup_auc.csv
le8/ra/prot/c5_consolidate/c5.training_association_screen.csv
le8/ra/prot/c5_consolidate/c5.training_distal_landmark_screen.csv
le8/ra/prot/c5_consolidate/c5.upstream_availability.csv
le8/ra/prot/c5_consolidate/c5.yy_auc_bootstrap_all.csv
le8/ra/prot/c5_consolidate/c5_consolidate.output_index.csv
le8/ra/prot/c5_consolidate/outcome_audit.472173.csv
le8/ra/prot/final.figure_manifest.csv
le8/ra/prot/final.legends.md
le8/ra/prot/final.results.md
le8/ra/prot/final.status.csv
le8/ra/prot/final.supplement_manifest.csv
le8/ra/prot/final_supp/final.association_landscape.caption.csv
le8/ra/prot/final_supp/final.association_landscape.cohort.csv
le8/ra/prot/final_supp/final.association_landscape.incident.csv
le8/ra/prot/final_supp/final.association_landscape.panels.csv
le8/ra/prot/final_supp/final.association_landscape.pdf
le8/ra/prot/final_supp/final.association_landscape.png
le8/ra/prot/final_supp/final.association_landscape.prevalent.csv
le8/ra/prot/final_supp/final.association_landscape.xlsx
le8/ra/prot/s1_interact/s1.sex_interaction.csv
le8/ra/prot/s1_interact/s1_int.Fig01.sex_interaction.out.xlsx
le8/ra/prot/s1_interact/s1_int.Fig1.sex_interaction.png
le8/ra/prot/s1_interact/s1_interact.output_index.csv
le8/ra/s1_interact/s1.LE8_pairwise_interactions.csv
le8/ra/s1_interact/s1_int.Fig02.LE8_component_interactions.out.xlsx
le8/ra/s1_interact/s1_int.Fig1.LE8_component_interactions.png
le8/ra/s1_interact/s1_interact.output_index.csv
le8/ra/s2_nonlin/s2.nonlin_curves.csv
le8/ra/s2_nonlin/s2.nonlin_tests.csv
le8/ra/s2_nonlin/s2.penalty_CV_by_fold.csv
le8/ra/s2_nonlin/s2.penalty_inner_CV.csv
le8/ra/s2_nonlin/s2.penalty_selected_gamma.csv
le8/ra/s2_nonlin/s2.penalty_summary.csv
le8/ra/s2_nonlin/s2_nonlin.Fig01.spline_patterns.out.xlsx
le8/ra/s2_nonlin/s2_nonlin.Fig02.pass_fail_penalty.out.xlsx
le8/ra/s2_nonlin/s2_nonlin.Fig1.spline_patterns.png
le8/ra/s2_nonlin/s2_nonlin.Fig2.spline_patterns.png
le8/ra/s2_nonlin/s2_nonlin.Fig3.pass_fail_penalty.png
le8/ra/s2_nonlin/s2_nonlin.output_index.csv
